"n";"port443";"ordem";"familia";"especie_subespecie";"categoria"
"";"";"INVERTEBRADOS TERRESTRES";"INVERTEBRADOS TERRESTRES";"INVERTEBRADOS TERRESTRES";""
"1";"*";"Amblypygi";"Charinidae";"Charinus acaraje";"VU"
"2";"*";"Amblypygi";"Charinidae";"Charinus asturius";"EN"
"3";"";"Amblypygi";"Charinidae";"Charinus caatingae";"CR"
"4";"*";"Amblypygi";"Charinidae";"Charinus eleonorae";"EN"
"5";"";"Amblypygi";"Charinidae";"Charinus ferreus";"CR"
"6";"*";"Amblypygi";"Charinidae";"Charinus potiguar";"VU"
"7";"";"Amblypygi";"Charinidae";"Charinus spelaeus";"VU"
"8";"";"Amblypygi";"Charinidae";"Charinus taboa";"CR"
"9";"*";"Amblypygi";"Charinidae";"Charinus troglobius";"EN"
"10";"";"Araneae";"Caponiidae";"Carajas paraua";"EN"
"11";"";"Araneae";"Caponiidae";"Tisentnops onix";"CR"
"12";"*";"Araneae";"Corinnidae";"Ianduba paubrasil";"EN"
"13";"*";"Araneae";"Ctenidae";"Celaetycheus mungunza";"CR"
"14";"*";"Araneae";"Ctenidae";"Isoctenus corymbus";"CR"
"15";"*";"Araneae";"Dipluridae";"Harmonicon cerberus";"CR"
"16";"*";"Araneae";"Drymusidae";"Drymusa spelunca";"CR"
"17";"*";"Araneae";"Gnaphosidae";"Brasilomma enigmatica";"EN"
"18";"*";"Araneae";"Gnaphosidae";"Tricongius ybyguara";"VU"
"19";"*";"Araneae";"Ochyroceratidae";"Ochyroceraibitipoca";"EN"
"20";"*";"Araneae";"Ochyroceratidae";"Speocera eleonorae";"EN"
"21";"*";"Araneae";"Pholcidae";"Metagonia diamantina";"CR"
"22";"*";"Araneae";"Pholcidae";"Metagonia potiguar";"CR"
"23";"*";"Araneae";"Salticidae";"Matagaia chromatopus";"VU"
"24";"*";"Araneae";"Salticidae";"Neonella noronha";"VU"
"25";"";"Araneae";"Segestriidae";"Ariadna aurea";"VU"
"26";"";"Araneae";"Sicariidae";"Loxosceles troglobia";"VU"
"27";"*";"Araneae";"Theraphosidae";"Dolichothelediamantinensis";"EN"
"28";"*";"Araneae";"Theraphosidae";"Pterinopelma sazimai";"VU"
"29";"*";"Araneae";"Theraphosidae";"Tmesiphanteshypogeus";"CR"
"30";"*";"Araneae";"Theraphosidae";"Typhochlaena curumim";"CR"
"31";"*";"Araneae";"Theraphosidae";"Typhochlaenaseladonia";"EN"
"32";"*";"Araneae";"Theraphosidae";"Ybyraporadiversipes";"EN"
"33";"*";"Araneae";"Theraphosidae";"Ybyrapora gamba";"CR"
"34";"";"Blattodea";"Blattellidae";"Litoblatta camargoi";"EN"
"35";"*";"Caenogastropoda";"Ampullariidae";"Pomacea sordida";"EN"
"36";"*";"Caenogastropoda";"Hydrobiidae";"Potamolithus karsticus";"CR"
"37";"";"Coleoptera";"Carabidae";"Coarazuphiumamazonicus";"CR"
"38";"*";"Coleoptera";"Carabidae";"Coarazuphium caatinga";"EN"
"39";"*";"Coleoptera";"Carabidae";"Coarazuphium cessaima";"EN"
"40";"*";"Coleoptera";"Carabidae";"Coarazuphiumformoso";"CR"
"41";"*";"Coleoptera";"Carabidae";"Coarazuphium pains";"EN"
"42";"*";"Coleoptera";"Carabidae";"Coarazuphium ricardoi";"CR"
"43";"";"Coleoptera";"Carabidae";"Coarazuphiumspinifemur";"CR"
"44";"*";"Coleoptera";"Carabidae";"Coarazuphium tapiaguassu";"EN"
"45";"*";"Coleoptera";"Carabidae";"Coarazuphium tessai";"CR"
"46";"*";"Coleoptera";"Carabidae";"Schizogeniusocellatus";"EN"
"47";"*";"Coleoptera";"Ciidae";"Ceracis cassumbensis";"EN"
"48";"*";"Coleoptera";"Lampyridae";"Amydetes bellorum";"EN"
"49";"*";"Coleoptera";"Lucanidae";"Altitatiayus campoi";"VU"
"50";"*";"Coleoptera";"Lucanidae";"Altitatiayus dulceae";"VU"
"51";"*";"Coleoptera";"Lucanidae";"Altitatiayus godinhorum";"VU"
"52";"*";"Coleoptera";"Lucanidae";"Altitatiayus koikei";"VU"
"53";"*";"Coleoptera";"Lucanidae";"Altitatiayus rotundatus";"VU"
"54";"*";"Coleoptera";"Lucanidae";"Altitatiayus ruficollis";"VU"
"55";"*";"Coleoptera";"Lucanidae";"Altitatiayus trifurcatus";"VU"
"56";"*";"Coleoptera";"Lycidae";"Cartagonum apiuba";"CR"
"57";"*";"Coleoptera";"Lycidae";"Lycomorphonbrasiliense";"CR"
"58";"*";"Coleoptera";"Scarabaeidae";"Ateuchus squalidus";"VU"
"59";"*";"Coleoptera";"Scarabaeidae";"Canthon corpulentus";"VU"
"60";"*";"Coleoptera";"Scarabaeidae";"Canthonquadripunctatus";"VU"
"61";"*";"Coleoptera";"Scarabaeidae";"Dichotomius eucranioides";"EN"
"62";"*";"Coleoptera";"Scarabaeidae";"Dichotomius mysticus";"EN"
"63";"*";"Coleoptera";"Scarabaeidae";"Dichotomiusschiffleri";"EN"
"64";"*";"Coleoptera";"Scarabaeidae";"Pedaridium hirsutum";"VU"
"65";"";"Coleoptera";"Staphylinidae";"Metopiellus painensis";"EN"
"66";"*";"Coleoptera";"Vesperidae";"Hypocephalusarmatus";"VU"
"67";"*";"Collembola";"Arrhopalitidae";"Arrhopalites amorimi";"VU"
"68";"";"Collembola";"Arrhopalitidae";"Arrhopalites glabrofasciatus";"EN"
"69";"";"Collembola";"Entomobryidae";"Pseudosinella ambigua";"VU"
"70";"";"Collembola";"Entomobryidae";"Pseudosinella guanhaensis";"CR"
"71";"";"Collembola";"Isotomidae";"Archisotoma arariboia";"CR"
"72";"*";"Collembola";"Paronellidae";"Troglobiusbrasiliensis";"CR"
"73";"*";"Collembola";"Paronellidae";"Troglobius ferroicus";"CR"
"74";"*";"Collembola";"Paronellidae";"Trogolaphysaaelleni";"CR"
"75";"*";"Collembola";"Sminthuridae";"Pararrhopalites papaveroi";"EN"
"76";"";"Collembola";"Sminthuridae";"Pararrhopalites sideroicus";"CR"
"77";"";"Collembola";"Sminthuridae";"Pararrhopalites ubiquum";"VU"
"78";"*";"Collembola";"Sminthuridae";"Pararrhopalites wallacei";"CR"
"79";"";"Diplura";"Campodeidae";"Oncinocampa trajanoae";"CR"
"80";"";"Entomobryomorpha";"Entomobryidae";"Seira arenicola";"EN"
"81";"";"Entomobryomorpha";"Entomobryidae";"Seira mataraquensis";"EN"
"82";"";"Entomobryomorpha";"Entomobryidae";"Seira musarum";"VU"
"83";"";"Entomobryomorpha";"Entomobryidae";"Seirapseudoannulata";"EN"
"84";"";"Entomobryomorpha";"Isotomidae";"Archisotoma catiae";"CR"
"85";"";"Entomobryomorpha";"Isotomidae";"Arlea arenicola";"CR"
"86";"";"Entomobryomorpha";"Isotomidae";"Arlea psammophila";"CR"
"87";"*";"Entomobryomorpha";"Isotomidae";"Isotomiella uai";"VU"
"88";"";"Entomobryomorpha";"Isotomidae";"Isotomodes cariocus";"CR"
"89";"";"Entomobryomorpha";"Isotomidae";"Isotomurus riparius";"CR"
"90";"";"Entomobryomorpha";"Isotomidae";"Paracerura gandarela";"VU"
"91";"";"Entomobryomorpha";"Isotomidae";"Psammisotoma restingae";"CR"
"92";"*";"Euonychophora";"Peripatidae";"Epiperipatusadenocryptus";"CR"
"93";"*";"Euonychophora";"Peripatidae";"Epiperipatusdiadenoproctus";"VU"
"94";"*";"Euonychophora";"Peripatidae";"Epiperipatus ohausi";"EN"
"95";"*";"Euonychophora";"Peripatidae";"Epiperipatuspaurognostus";"CR"
"96";"*";"Glomeridesmida";"Glomerodesmidae";"Glomeridesmus spelaeus";"EN"
"97";"*";"Gymnomorpha";"Veronicellidae";"Phyllocaulis renschi";"CR"
"98";"*";"Haplotaxida";"Glossoscolecidae";"Fimoscolexsporadochaetus";"EN"
"99";"";"Hemiptera";"Cixiidae";"Ferricixius davidi";"CR"
"100";"";"Hemiptera";"Kinnaridae";"Iuiuia caeca";"VU"
"101";"";"Hemiptera";"Kinnaridae";"Kinnapotiguara troglobia";"VU"
"102";"*";"Hymenoptera";"Andrenidae";"Arhysosage cactorum";"VU"
"103";"*";"Hymenoptera";"Apidae";"Melipona capixaba";"EN"
"104";"*";"Hymenoptera";"Apidae";"Melipona rufiventris";"EN"
"105";"*";"Hymenoptera";"Apidae";"Melipona scutellaris";"EN"
"106";"*";"Hymenoptera";"Apidae";"Partamona littoralis";"EN"
"107";"*";"Hymenoptera";"Formicidae";"Atta robusta";"VU"
"108";"*";"Hymenoptera";"Formicidae";"Brachymyrmex micromegas";"VU"
"109";"*";"Hymenoptera";"Formicidae";"Diaphoromyrmasofiae";"EN"
"110";"*";"Hymenoptera";"Formicidae";"Dinoponera lucida";"EN"
"111";"*";"Hymenoptera";"Formicidae";"Fulakora cleae";"CR"
"112";"*";"Hymenoptera";"Formicidae";"Gnamptogenys wilsoni";"EN"
"113";"*";"Hymenoptera";"Formicidae";"Monomorium delabiei";"VU"
"114";"*";"Hymenoptera";"Formicidae";"Mycetagroicus urbanus";"CR"
"115";"*";"Hymenoptera";"Formicidae";"Mycetomoellerius atlanticus";"VU"
"116";"*";"Hymenoptera";"Formicidae";"Mycetophylax simplex";"VU"
"117";"*";"Hymenoptera";"Formicidae";"Rhopalothrix plaumanni";"EN"
"118";"";"Isopoda";"Pudeoniscidae";"Iansaoniscus georginae";"CR"
"119";"";"Isopoda";"Pudeoniscidae";"Iansaoniscus iraquara";"CR"
"120";"";"Isopoda";"Scleropactidae";"Amazoniscus leistikowi";"CR"
"121";"";"Isopoda";"Scleropactidae";"Circoniscus buckupi";"CR"
"122";"";"Isopoda";"Scleropactidae";"Circoniscus carajasensis";"EN"
"123";"";"Isopoda";"Styloniscidae";"Iuiuniscus iuiuensis";"VU"
"124";"";"Isopoda";"Styloniscidae";"Spelunconiscus castroi";"CR"
"125";"";"Isopoda";"Styloniscidae";"Xangoniscus aganju";"EN"
"126";"";"Isopoda";"Styloniscidae";"Xangoniscusitacarambiensis";"CR"
"127";"";"Isopoda";"Styloniscidae";"Xangoniscus odara";"EN"
"128";"*";"Lepidoptera";"Crambidae";"Parapoynx restingalis";"VU"
"129";"*";"Lepidoptera";"Hesperiidae";"Drephalys miersi";"EN"
"130";"*";"Lepidoptera";"Hesperiidae";"Drephalys mourei";"CR"
"131";"*";"Lepidoptera";"Hesperiidae";"Olafia roscius iphimedia";"VU"
"132";"*";"Lepidoptera";"Hesperiidae";"Parelbella polyzona";"EN"
"133";"*";"Lepidoptera";"Hesperiidae";"Pseudocroniades machaon seabrai";"CR"
"134";"*";"Lepidoptera";"Hesperiidae";"Turmosa camposa";"EN"
"135";"*";"Lepidoptera";"Hesperiidae";"Zonia zonia diabo";"EN"
"136";"*";"Lepidoptera";"Lycaenidae";"Arawacus aethesa";"EN"
"137";"*";"Lepidoptera";"Lycaenidae";"Magnastigma julia";"EN"
"138";"*";"Lepidoptera";"Lycaenidae";"Strymon ohausi";"EN"
"139";"*";"Lepidoptera";"Nymphalidae";"Actinote quadra";"VU"
"140";"*";"Lepidoptera";"Nymphalidae";"Actinote zikani";"CR"
"141";"";"Lepidoptera";"Nymphalidae";"Adelpha atlantica";"EN"
"142";"*";"Lepidoptera";"Nymphalidae";"Dasyophthalmageraensis";"CR"
"143";"*";"Lepidoptera";"Nymphalidae";"Dasyophthalma rusina delanira";"EN"
"144";"*";"Lepidoptera";"Nymphalidae";"Dasyophthalma vertebralis";"CR (PEX)"
"145";"*";"Lepidoptera";"Nymphalidae";"Doxocopa zalmunna";"CR (PEX)"
"146";"*";"Lepidoptera";"Nymphalidae";"Episcada vitrea";"EN"
"147";"*";"Lepidoptera";"Nymphalidae";"Eresia erysice erysice";"CR"
"148";"*";"Lepidoptera";"Nymphalidae";"Euptychia boulleti";"CR"
"149";"";"Lepidoptera";"Nymphalidae";"Forsterinariaitatiaia";"VU"
"150";"*";"Lepidoptera";"Nymphalidae";"Hamadryas velutina browni";"EN"
"151";"*";"Lepidoptera";"Nymphalidae";"Heliconius nattereri";"EN"
"152";"*";"Lepidoptera";"Nymphalidae";"Hyalyris fiammetta";"CR (PEX)"
"153";"*";"Lepidoptera";"Nymphalidae";"Mcclungia cymo fallens";"CR"
"154";"*";"Lepidoptera";"Nymphalidae";"Melinaea mnasias thera";"CR"
"155";"*";"Lepidoptera";"Nymphalidae";"Morpho epistrophus nikolajewna";"CR"
"156";"*";"Lepidoptera";"Nymphalidae";"Morpho menelaus eberti";"CR"
"157";"*";"Lepidoptera";"Nymphalidae";"Napeogenes rhezia rhezia";"CR"
"158";"*";"Lepidoptera";"Nymphalidae";"Orobrassolisornamentalis";"CR"
"159";"*";"Lepidoptera";"Nymphalidae";"Pampasatyrusglaucope boenninghauseni";"EN"
"160";"";"Lepidoptera";"Nymphalidae";"Pampasatyrus glaucope eberti";"VU"
"161";"*";"Lepidoptera";"Nymphalidae";"Pampasatyrus glaucope glaucope";"EN"
"162";"*";"Lepidoptera";"Nymphalidae";"Pampasatyrus gyrtone";"EN"
"163";"";"Lepidoptera";"Nymphalidae";"Pampasatyrus reticulata gagarini";"EN"
"164";"*";"Lepidoptera";"Nymphalidae";"Paulogramma hydarnis";"EN"
"165";"*";"Lepidoptera";"Nymphalidae";"Polygrapha suprema";"EN"
"166";"";"Lepidoptera";"Nymphalidae";"Praepedaliodes sequeirae";"CR"
"167";"*";"Lepidoptera";"Nymphalidae";"Prepona deiphile";"VU"
"168";"*";"Lepidoptera";"Nymphalidae";"Scada karschina delicata";"CR"
"169";"*";"Lepidoptera";"Nymphalidae";"Tithorea harmonia caissara";"VU"
"170";"";"Lepidoptera";"Nymphalidae";"Yphthimoidesiserhardi";"EN"
"171";"*";"Lepidoptera";"Papilionidae";"Heraclides himeros baia";"EN"
"172";"*";"Lepidoptera";"Papilionidae";"Heraclides himeros himeros";"EN"
"173";"*";"Lepidoptera";"Papilionidae";"Mimoides lysithous harrisianus";"CR"
"174";"*";"Lepidoptera";"Papilionidae";"Mimoides lysithous sebastianus";"VU"
"175";"*";"Lepidoptera";"Papilionidae";"Parides ascanius";"EN"
"176";"*";"Lepidoptera";"Papilionidae";"Parides bunichus chamissonia";"CR"
"177";"*";"Lepidoptera";"Papilionidae";"Parides burchellanus";"CR"
"178";"*";"Lepidoptera";"Papilionidae";"Parides klagesi";"CR"
"179";"*";"Lepidoptera";"Papilionidae";"Parides panthonus castilhoi";"CR"
"180";"*";"Lepidoptera";"Papilionidae";"Parides tros danunciae";"EN"
"181";"*";"Lepidoptera";"Pieridae";"Charonias theano";"EN"
"182";"*";"Lepidoptera";"Pieridae";"Cunizza hirlanda fulvinota";"VU"
"183";"*";"Lepidoptera";"Pieridae";"Cunizza hirlanda planasia";"VU"
"184";"*";"Lepidoptera";"Pieridae";"Glennia pylotis";"EN"
"185";"*";"Lepidoptera";"Pieridae";"Moschoneura pinthous methymna";"VU"
"186";"*";"Lepidoptera";"Pieridae";"Perrhybris pamela flava";"EN"
"187";"*";"Lepidoptera";"Riodinidae";"Joiceya praeclarus";"CR"
"188";"*";"Lepidoptera";"Riodinidae";"Panara ovifera";"VU"
"189";"*";"Lepidoptera";"Riodinidae";"Petrocerus catiena";"EN"
"190";"*";"Lepidoptera";"Riodinidae";"Rhetus belphegor";"CR"
"191";"*";"Lepidoptera";"Riodinidae";"Voltinia sanarita";"EN"
"192";"*";"Lepidoptera";"Saturniidae";"Dirphia monticola";"VU"
"193";"*";"Lepidoptera";"Sphingidae";"Nyceryx mielkei";"CR"
"194";"*";"Opiliones";"Cryptogeobiidae";"Spinopilar moria";"CR"
"195";"*";"Opiliones";"Escadabiidae";"Spaeleoleptesspaeleus";"EN"
"196";"";"Opiliones";"Gerdesiidae";"Gonycranaus pluto";"VU"
"197";"";"Opiliones";"Gonyleptidae";"Discocyrtuspedrosoi";"VU"
"198";"*";"Opiliones";"Gonyleptidae";"Eusarcus elinae";"EN"
"199";"*";"Opiliones";"Gonyleptidae";"Giupponia chagasi";"EN"
"200";"*";"Opiliones";"Gonyleptidae";"Iandumoema setimapocu";"VU"
"201";"";"Opiliones";"Gonyleptidae";"Iandumoema smeagol";"EN"
"202";"*";"Opiliones";"Gonyleptidae";"Iandumoema uai";"CR"
"203";"*";"Opiliones";"Gonyleptidae";"Pachylospeleus strinatii";"CR"
"204";"";"Opiliones";"Kimulidae";"Relictopiolus galadriel";"CR"
"205";"";"Orthoptera";"Phalangopsidae";"Endecous apterus";"EN"
"206";"";"Orthoptera";"Phalangopsidae";"Endecousperuassuensis";"EN"
"207";"";"Palpigradi";"Eukoeneniidae";"Eukoenenia cavatica";"CR"
"208";"";"Palpigradi";"Eukoeneniidae";"Eukoenenia eywa";"EN"
"209";"";"Palpigradi";"Eukoeneniidae";"Eukoeneniajequitinhonha";"CR"
"210";"*";"Palpigradi";"Eukoeneniidae";"Eukoenenia maquinensis";"VU"
"211";"";"Palpigradi";"Eukoeneniidae";"Eukoenenia navi";"CR"
"212";"";"Palpigradi";"Eukoeneniidae";"Eukoenenia neytiri";"EN"
"213";"*";"Palpigradi";"Eukoeneniidae";"Eukoenenia potiguar";"VU"
"214";"*";"Palpigradi";"Eukoeneniidae";"Eukoenenia sagarana";"CR"
"215";"*";"Palpigradi";"Eukoeneniidae";"Eukoenenia spelunca";"CR"
"216";"*";"Palpigradi";"Eukoeneniidae";"Eukoenenia virgemdalapa";"CR"
"217";"*";"Palpigradi";"Eukoeneniidae";"Leptokoeneniapelada";"CR"
"218";"*";"Palpigradi";"Eukoeneniidae";"Leptokoenenia thalassophobica";"EN"
"219";"";"Poduromorpha";"Brachystomellidae";"Maricaella duna";"CR"
"220";"*";"Poduromorpha";"Hypogastruridae";"Acherontides eleonorae";"VU"
"221";"";"Poduromorpha";"Neanuridae";"Aethiopella littoralis";"CR"
"222";"";"Poduromorpha";"Neanuridae";"Arlesia intermedia";"CR"
"223";"";"Poduromorpha";"Neanuridae";"Hyleanura mendoncae";"VU"
"224";"";"Poduromorpha";"Neanuridae";"Micranurida fluminensis";"CR"
"225";"";"Poduromorpha";"Onychiuridae";"Agraphorura mariapetrae";"CR"
"226";"";"Poduromorpha";"Tullbergiidae";"Mesaphorura maricaensis";"CR"
"227";"*";"Polydesmida";"Chelodesmidae";"Dioplosternussalvatrix";"VU"
"228";"*";"Polydesmida";"Chelodesmidae";"Leodesmus yporangae";"EN"
"229";"*";"Polydesmida";"Chelodesmidae";"Odontopeltisgiganteus";"VU"
"230";"*";"Polydesmida";"Chelodesmidae";"Sandalodesmusstramineus";"VU"
"231";"*";"Polydesmida";"Cryptodesmidae";"Peridontodesmella alba";"VU"
"232";"";"Polydesmida";"Dobrodesmidae";"Dobrodesmus mirabilis";"CR"
"233";"*";"Pseudoscorpiones";"Bochicidae";"Spelaeobochicaallodentatus";"EN"
"234";"*";"Pseudoscorpiones";"Bochicidae";"Spelaeobochica iuiu";"EN"
"235";"*";"Pseudoscorpiones";"Bochicidae";"Spelaeobochica muchmorei";"CR"
"236";"*";"Pseudoscorpiones";"Chernetidae";"Maxchernes iporangae";"CR"
"237";"*";"Pseudoscorpiones";"Chernetidae";"Spelaeochernesgracilipalpus";"EN"
"238";"*";"Pseudoscorpiones";"Chthoniidae";"Pseudochthonius biseriatus";"EN"
"239";"*";"Pseudoscorpiones";"Ideoroncidae";"Ideoroncus cavicola";"EN"
"240";"*";"Pseudoscorpiones";"Olpiidae";"Progarypus nigrimanus";"CR"
"241";"*";"Pulmonata";"Bulimulidae";"Thaumastus lundi";"CR"
"242";"*";"Pulmonata";"Lymnaeidae";"Lymnaea rupestris";"VU"
"243";"*";"Pulmonata";"Odontostomidae";"Macrodontesdautzenbergianus";"VU"
"244";"*";"Pulmonata";"Physidae";"Physa marmorata";"VU"
"245";"*";"Pulmonata";"Planorbidae";"Plesiophysa dolichomastix";"CR"
"246";"*";"Pulmonata";"Succineidae";"Succinea lopesi";"EN"
"247";"*";"Schizomida";"Hubbardiidae";"Rowlandius ubajara";"CR"
"248";"*";"Scolopendromorpha";"Cryptopidae";"Cryptopsiporangensis";"EN"
"249";"*";"Scolopendromorpha";"Cryptopidae";"Cryptopsspelaeoraptor";"CR"
"250";"*";"Scolopendromorpha";"Scolopendridae";"Scolopendropsisduplicata";"CR"
"251";"";"Scolopendromorpha";"Scolopocryptopidae";"Newportia potiguar";"VU"
"252";"";"Scolopendromorpha";"Scolopocryptopidae";"Newportia spelaea";"CR"
"253";"";"Scolopendromorpha";"Scolopocryptopidae";"Scolopocryptopstroglocaudatus";"EN"
"254";"*";"Scorpiones";"Buthidae";"Ananteris infuscata";"EN"
"255";"*";"Scorpiones";"Buthidae";"Troglorhopalurustranslucidus";"EN"
"256";"*";"Scorpiones";"Chactidae";"Hadrurochactasararipe";"CR"
"257";"*";"Scorpiones";"Chactidae";"Hadrurochactasbrejo";"CR"
"258";"";"Spirostreptida";"Pseudonannolenidae";"Pseudonannolene lundi";"CR"
"259";"*";"Spirostreptida";"Spirostreptidae";"Pseudonannolene ambuatinga";"EN"
"260";"*";"Spirostreptida";"Spirostreptidae";"Pseudonannolene imbirensis";"EN"
"261";"*";"Spirostreptida";"Spirostreptidae";"Pseudonannolene spelaea";"CR"
"262";"*";"Spirostreptida";"Spirostreptidae";"Pseudonannolene tocaiensis";"CR"
"263";"*";"Spongillida";"Metaniidae";"Corvomeyenia epilithosa";"VU"
"264";"*";"Stylommatophora";"Bulimulidae";"Tomigerusgibberulus";"EN"
"265";"*";"Stylommatophora";"Megalobulimidae";"Megalobulimus cardosoi";"CR"
"266";"*";"Stylommatophora";"Strophocheilidae";"Gonyostomus insularis";"EN"
"267";"*";"Symphypleona";"Arrhopalitidae";"Arrhopalites alambariensis";"VU"
"268";"*";"Symphypleona";"Arrhopalitidae";"Arrhopalites botuveraensis";"VU"
"269";"*";"Symphypleona";"Arrhopalitidae";"Arrhopalites gnaspinii";"CR"
"270";"*";"Symphypleona";"Arrhopalitidae";"Arrhopalites heteroculatus";"VU"
"271";"*";"Symphypleona";"Arrhopalitidae";"Arrhopalites lawrencei";"VU"
"272";"*";"Symphypleona";"Arrhopalitidae";"Arrhopalites paranaensis";"CR"
"273";"*";"Unionoida";"Hyriidae";"Diplodon koseritzi";"EN"
"274";"*";"Unionoida";"Mycetopodidae";"Mycetopoda legumen";"EN"
"275";"";"Zygentoma";"Nicoletiidae";"Cubacubana spelaea";"VU"
NA;"";"ANFÍBIOS";"ANFÍBIOS";"ANFÍBIOS";""
"276";"";"Anura";"Aromobatidae";"Anomaloglossus apiau";"EN"
"277";"";"Anura";"Aromobatidae";"Anomaloglossus tepequem";"CR (PEX)"
"278";"";"Anura";"Brachycephalidae";"Brachycephalus mirissimus";"VU"
"279";"*";"Anura";"Brachycephalidae";"Brachycephalus pernix";"CR"
"280";"";"Anura";"Brachycephalidae";"Brachycephalus quiririensis";"EN"
"281";"";"Anura";"Brachycephalidae";"Ischnocnema epipeda";"CR (PEX)"
"282";"";"Anura";"Brachycephalidae";"Ischnocnema garciai";"CR"
"283";"";"Anura";"Brachycephalidae";"Ischnocnema karst";"VU"
"284";"*";"Anura";"Brachycephalidae";"Ischnocnema manezinho";"EN"
"285";"*";"Anura";"Bufonidae";"Melanophryniscus admirabilis";"CR"
"286";"";"Anura";"Bufonidae";"Melanophryniscus biancae";"EN"
"287";"*";"Anura";"Bufonidae";"Melanophryniscus cambaraensis";"EN"
"288";"*";"Anura";"Bufonidae";"Melanophryniscus dorsalis";"VU"
"289";"";"Anura";"Bufonidae";"Melanophryniscus klappenbachi";"VU"
"290";"*";"Anura";"Bufonidae";"Melanophryniscus macrogranulosus";"EN"
"291";"";"Anura";"Bufonidae";"Melanophryniscus montevidensis";"VU"
"292";"*";"Anura";"Bufonidae";"Melanophryniscus setiba";"VU"
"293";"";"Anura";"Bufonidae";"Rhinella casconi";"CR"
"294";"";"Anura";"Ceratophryidae";"Ceratophrys ornata";"CR (PEX)"
"295";"*";"Anura";"Cycloramphidae";"Cycloramphusdiringshofeni";"CR"
"296";"*";"Anura";"Cycloramphidae";"Cycloramphusfaustoi";"VU"
"297";"";"Anura";"Cycloramphidae";"Cycloramphusstejnegeri";"CR (PEX)"
"298";"";"Anura";"Cycloramphidae";"Thoropa lutzi";"CR (PEX)"
"299";"*";"Anura";"Cycloramphidae";"Thoropapetropolitana";"CR (PEX)"
"300";"*";"Anura";"Eleutherodactylidae";"Adelophryne maranguapensis";"CR"
"301";"";"Anura";"Hylidae";"Boana buriti";"VU"
"302";"";"Anura";"Hylidae";"Bokermannohyla napolii";"VU"
"303";"*";"Anura";"Hylidae";"Bokermannohyla vulcaniae";"EN"
"304";"*";"Anura";"Hylidae";"Nyctimantis pomba";"CR"
"305";"*";"Anura";"Hylidae";"Scinax alcatraz";"VU"
"306";"*";"Anura";"Hylidae";"Scinax faivovichi";"VU"
"307";"";"Anura";"Hylidae";"Scinax muriciensis";"CR"
"308";"*";"Anura";"Hylidae";"Scinax peixotoi";"CR (PEX)"
"309";"";"Anura";"Hylidae";"Scinax pinimus";"VU"
"310";"";"Anura";"Hylidae";"Sphaenorhynchusbromelicola";"EN"
"311";"";"Anura";"Hylidae";"Sphaenorhynchus cammaeus";"CR"
"312";"";"Anura";"Hylidae";"Sphaenorhynchus canga";"CR"
"313";"*";"Anura";"Hylidae";"Xenohyla truncata";"VU"
"314";"";"Anura";"Hylodidae";"Crossodactylusboulengeri";"CR (PEX)"
"315";"*";"Anura";"Hylodidae";"Crossodactylusdantei";"CR"
"316";"";"Anura";"Hylodidae";"Crossodactylusdispar";"CR (PEX)"
"317";"";"Anura";"Hylodidae";"Crossodactylusfranciscanus";"CR (PEX)"
"318";"";"Anura";"Hylodidae";"Hylodes glaber";"CR (PEX)"
"319";"";"Anura";"Hylodidae";"Hylodes magalhaesi";"VU"
"320";"";"Anura";"Hylodidae";"Hylodes mertensi";"CR"
"321";"";"Anura";"Hylodidae";"Hylodes sazimai";"EN"
"322";"";"Anura";"Leptodactylidae";"Crossodactylodesitambe";"CR"
"323";"";"Anura";"Leptodactylidae";"Crossodactylodesizecksohni";"EN"
"324";"*";"Anura";"Leptodactylidae";"Paratelmatobius lutzii";"CR (PEX)"
"325";"*";"Anura";"Leptodactylidae";"Physalaemus soaresi";"CR"
"326";"*";"Anura";"Microhylidae";"Chiasmocleisalagoana";"VU"
"327";"";"Anura";"Odontophrynidae";"Proceratophrys ararype";"CR"
"328";"*";"Anura";"Odontophrynidae";"Proceratophrys palustris";"CR"
"329";"*";"Anura";"Odontophrynidae";"Proceratophrys sanctaritae";"CR"
"330";"";"Anura";"Phyllomedusidae";"Phrynomedusa marginata";"CR (PEX)"
"331";"";"Anura";"Phyllomedusidae";"Phrynomedusa vanzolinii";"CR (PEX)"
"332";"";"Anura";"Phyllomedusidae";"Pithecopus rusticus";"CR"
"333";"";"Anura";"Strabomantidae";"Euparkerella robusta";"CR"
"334";"*";"Anura";"Strabomantidae";"Holoaden bradei";"CR (PEX)"
NA;"";"RÉPTEIS";"RÉPTEIS";"RÉPTEIS";""
"335";"*";"Squamata";"Amphisbaenidae";"Amphisbaena arda";"EN"
"336";"*";"Squamata";"Amphisbaenidae";"Amphisbaena frontalis";"EN"
"337";"*";"Squamata";"Amphisbaenidae";"Amphisbaena nigricauda";"EN"
"338";"*";"Squamata";"Amphisbaenidae";"Amphisbaena supernumeraria";"EN"
"339";"*";"Squamata";"Amphisbaenidae";"Amphisbaena uroxena";"EN"
"340";"*";"Squamata";"Amphisbaenidae";"Leposternon kisteumacheri";"VU"
"341";"*";"Squamata";"Amphisbaenidae";"Leposternonoctostegum";"EN"
"342";"*";"Squamata";"Amphisbaenidae";"Leposternonscutigerum";"EN"
"343";"*";"Squamata";"Boidae";"Corallus cropanii";"VU"
"344";"*";"Squamata";"Dactyloidae";"Dactyloanasofrontalis";"VU"
"345";"*";"Squamata";"Dactyloidae";"Dactyloapseudotigrina";"VU"
"346";"*";"Squamata";"Dipsadidae";"Apostolepis arenaria";"EN"
"347";"*";"Squamata";"Dipsadidae";"Apostolepis gaboi";"EN"
"348";"*";"Squamata";"Dipsadidae";"Apostolepis quirogai";"EN"
"349";"*";"Squamata";"Dipsadidae";"Apostolepis striata";"EN"
"350";"*";"Squamata";"Dipsadidae";"Atractus caete";"EN"
"351";"*";"Squamata";"Dipsadidae";"Atractus ronnie";"EN"
"352";"*";"Squamata";"Dipsadidae";"Atractus thalesdelemai";"EN"
"353";"*";"Squamata";"Dipsadidae";"Calamodontophis ronaldoi";"EN"
"354";"*";"Squamata";"Dipsadidae";"Ditaxodon taeniatus";"VU"
"355";"*";"Squamata";"Dipsadidae";"Echinanthera cephalomaculata";"VU"
"356";"*";"Squamata";"Dipsadidae";"Phalotris multipunctatus";"EN"
"357";"*";"Squamata";"Dipsadidae";"Philodryas livida";"VU"
"358";"*";"Squamata";"Dipsadidae";"Rodriguesophis chui";"EN"
"359";"*";"Squamata";"Dipsadidae";"Rodriguesophis scriptorcibatus";"EN"
"360";"*";"Squamata";"Gymnophthalmidae";"Bachia didactyla";"EN"
"361";"*";"Squamata";"Gymnophthalmidae";"Bachia psamophila";"CR"
"362";"*";"Squamata";"Gymnophthalmidae";"Calyptommatusleiolepis";"EN"
"363";"*";"Squamata";"Gymnophthalmidae";"Calyptommatusnicterus";"EN"
"364";"*";"Squamata";"Gymnophthalmidae";"Calyptommatussinebrachiatus";"EN"
"365";"*";"Squamata";"Gymnophthalmidae";"Colobodactylusdalcyanus";"EN"
"366";"*";"Squamata";"Gymnophthalmidae";"Heterodactyluslundii";"VU"
"367";"*";"Squamata";"Gymnophthalmidae";"Heterodactylusseptentrionalis";"EN"
"368";"*";"Squamata";"Gymnophthalmidae";"Leposoma annectans";"VU"
"369";"*";"Squamata";"Gymnophthalmidae";"Leposomabaturitensis";"EN"
"370";"*";"Squamata";"Gymnophthalmidae";"Leposomananodactylus";"EN"
"371";"*";"Squamata";"Gymnophthalmidae";"Leposoma puk";"EN"
"372";"*";"Squamata";"Gymnophthalmidae";"Placosoma cipoense";"EN"
"373";"*";"Squamata";"Gymnophthalmidae";"Procellosaurinus tetradactylus";"EN"
"374";"*";"Squamata";"Leiosauridae";"Enyalius erythroceneus";"CR"
"375";"*";"Squamata";"Liolaemidae";"Liolaemusarambarensis";"EN"
"376";"*";"Squamata";"Liolaemidae";"Liolaemus lutzae";"CR"
"377";"*";"Squamata";"Liolaemidae";"Liolaemusoccipitalis";"VU"
"378";"*";"Squamata";"Mabuyidae";"Brasiliscincus caissara";"EN"
"379";"*";"Squamata";"Phyllodactylidae";"Homonotauruguayensis";"VU"
"380";"*";"Squamata";"Sphaerodactylidae";"Coleodactylusnatalensis";"EN"
"381";"*";"Squamata";"Sphaerodactylidae";"Gonatodes tapajonicus";"EN"
"382";"*";"Squamata";"Teiidae";"Ameiva parecis";"EN"
"383";"*";"Squamata";"Teiidae";"Ameivula nativo";"EN"
"384";"*";"Squamata";"Teiidae";"Contomastix vacariensis";"VU"
"385";"*";"Squamata";"Teiidae";"Glaucomastix abaetensis";"EN"
"386";"*";"Squamata";"Teiidae";"Glaucomastix littoralis";"EN"
"387";"*";"Squamata";"Teiidae";"Kentropyx vanzoi";"VU"
"388";"*";"Squamata";"Tropidophiidae";"Tropidophisgrapiuna";"VU"
"389";"*";"Squamata";"Tropiduridae";"Eurolophosaurusamathites";"EN"
"390";"*";"Squamata";"Tropiduridae";"Stenocercus azureus";"EN"
"391";"*";"Squamata";"Tropiduridae";"Stenocercusdumerilii";"VU"
"392";"*";"Squamata";"Tropiduridae";"Tropidurus erythrocephalus";"VU"
"393";"*";"Squamata";"Tropiduridae";"Tropidurus hygomi";"VU"
"394";"*";"Squamata";"Tropiduridae";"Tropidurus imbituba";"CR"
"395";"*";"Squamata";"Tropiduridae";"Tropiduruspsammonastes";"EN"
"396";"*";"Squamata";"Viperidae";"Bothrops alcatraz";"CR"
"397";"*";"Squamata";"Viperidae";"Bothrops insularis";"CR"
"398";"*";"Squamata";"Viperidae";"Bothrops muriciensis";"EN"
"399";"*";"Squamata";"Viperidae";"Bothrops otavioi";"CR"
"400";"*";"Squamata";"Viperidae";"Bothrops pirajai";"EN"
"401";"*";"Testudines";"Chelidae";"Ranacephala hogei";"VU"
"402";"*";"Testudines";"Cheloniidae";"Caretta caretta";"VU"
"403";"*";"Testudines";"Cheloniidae";"Eretmochelysimbricata";"EN"
"404";"*";"Testudines";"Cheloniidae";"Lepidochelysolivacea";"VU"
"405";"*";"Testudines";"Dermochelyidae";"Dermochelys coriacea";"CR"
NA;"";"AVES";"AVES";"AVES";""
"406";"*";"Accipitriformes";"Accipitridae";"Amadonastur lacernulatus";"VU"
"407";"*";"Accipitriformes";"Accipitridae";"Circus cinereus";"VU"
"408";"*";"Accipitriformes";"Accipitridae";"Harpia harpyja";"VU"
"409";"*";"Accipitriformes";"Accipitridae";"Leptodon forbesi";"EN"
"410";"*";"Accipitriformes";"Accipitridae";"Morphnus guianensis";"VU"
"411";"*";"Accipitriformes";"Accipitridae";"Urubitinga coronata";"EN"
"412";"*";"Anseriformes";"Anatidae";"Mergus octosetaceus";"CR"
"413";"*";"Apodiformes";"Trochilidae";"Augastes lumachella";"EN"
"414";"";"Apodiformes";"Trochilidae";"Campylopterus calcirupicola";"EN"
"415";"";"Apodiformes";"Trochilidae";"Colibridelphinae greenewalti";"EN"
"416";"*";"Apodiformes";"Trochilidae";"Discosuralangsdorffi langsdorffi";"EN"
"417";"*";"Apodiformes";"Trochilidae";"Glaucis dohrnii";"VU"
"418";"*";"Apodiformes";"Trochilidae";"Lophornis gouldii";"VU"
"419";"*";"Apodiformes";"Trochilidae";"Phaethornis aethopygus";"VU"
"420";"*";"Apodiformes";"Trochilidae";"Phaethornis major";"VU"
"421";"*";"Apodiformes";"Trochilidae";"Phaethornis margarettae";"EN"
"422";"*";"Apodiformes";"Trochilidae";"Thalurania watertonii";"EN"
"423";"*";"Caprimulgiformes";"Caprimulgidae";"Hydropsalis candicans";"EN"
"424";"";"Caprimulgiformes";"Caprimulgidae";"Nyctiprogne vielliardi";"EN"
"425";"";"Charadriiformes";"Burhinidae";"Burhinus bistriatus";"VU"
"426";"*";"Charadriiformes";"Charadriidae";"Charadrius wilsonia";"VU"
"427";"*";"Charadriiformes";"Laridae";"Sterna dougallii";"VU"
"428";"*";"Charadriiformes";"Laridae";"Sterna hirundinacea";"VU"
"429";"";"Charadriiformes";"Laridae";"Thalasseusacuflavidus";"VU"
"430";"*";"Charadriiformes";"Laridae";"Thalasseus maximus";"EN"
"431";"*";"Charadriiformes";"Scolopacidae";"Calidris canutus";"VU"
"432";"*";"Charadriiformes";"Scolopacidae";"Calidris pusilla";"EN"
"433";"*";"Charadriiformes";"Scolopacidae";"Calidrissubruficollis";"VU"
"434";"*";"Charadriiformes";"Scolopacidae";"Limnodromus griseus";"EN"
"435";"";"Charadriiformes";"Scolopacidae";"Numenius hudsonicus";"VU"
"436";"*";"Columbiformes";"Columbidae";"Columbina cyanopis";"CR"
"437";"*";"Columbiformes";"Columbidae";"Paraclaravis geoffroyi";"CR (PEX)"
"438";"*";"Coraciiformes";"Momotidae";"Momotus momota marcgraviana";"EN"
"439";"*";"Cuculiformes";"Cuculidae";"Neomorphus geoffroyi";"VU"
"440";"*";"Cuculiformes";"Cuculidae";"Neomorphus geoffroyi amazonicus";"VU"
"441";"*";"Cuculiformes";"Cuculidae";"Neomorphus geoffroyi dulcis";"EN"
"442";"*";"Cuculiformes";"Cuculidae";"Neomorphus geoffroyi geoffroyi";"CR (PEX)"
"443";"*";"Cuculiformes";"Cuculidae";"Neomorphus squamiger";"VU"
"444";"";"Galbuliformes";"Bucconidae";"Malacoptila minor";"VU"
"445";"*";"Galbuliformes";"Bucconidae";"Monasa morphoeus morphoeus";"EN"
"446";"";"Galliformes";"Cracidae";"Aburria cujubi";"VU"
"447";"*";"Galliformes";"Cracidae";"Aburria jacutinga";"EN"
"448";"*";"Galliformes";"Cracidae";"Crax blumenbachii";"EN"
"449";"*";"Galliformes";"Cracidae";"Crax fasciolata pinima";"CR"
"450";"*";"Galliformes";"Cracidae";"Crax globulosa";"EN"
"451";"*";"Galliformes";"Cracidae";"Ortalis remota";"CR"
"452";"*";"Galliformes";"Cracidae";"Pauxi mitu";"EW"
"453";"*";"Galliformes";"Cracidae";"Penelope jacucaca";"VU"
"454";"*";"Galliformes";"Cracidae";"Penelope pileata";"VU"
"455";"*";"Galliformes";"Cracidae";"Penelope superciliaris alagoensis";"CR"
"456";"*";"Galliformes";"Odontophoridae";"Odontophoruscapueira plumbeicollis";"CR"
"457";"*";"Gruiformes";"Psophiidae";"Psophia dextralis";"VU"
"458";"*";"Gruiformes";"Psophiidae";"Psophia interjecta";"EN"
"459";"*";"Gruiformes";"Psophiidae";"Psophia obscura";"CR"
"460";"";"Gruiformes";"Psophiidae";"Psophia viridis";"VU"
"461";"*";"Gruiformes";"Rallidae";"Laterallusspilopterus";"EN"
"462";"";"Gruiformes";"Rallidae";"Laterallusxenopterus";"EN"
"463";"*";"Nyctibiiformes";"Nyctibiidae";"Nyctibius aethereus aethereus";"EN"
"464";"*";"Nyctibiiformes";"Nyctibiidae";"Nyctibius leucopterus";"CR"
"465";"";"Passeriformes";"Cardinalidae";"Granatellus pelzelni paraensis";"VU"
"466";"*";"Passeriformes";"Conopophagidae";"Conopophaga cearae";"EN"
"467";"*";"Passeriformes";"Conopophagidae";"Conopophaga lineata lineata";"VU"
"468";"*";"Passeriformes";"Corvidae";"Cyanocorax hafferi";"VU"
"469";"*";"Passeriformes";"Cotingidae";"Cotinga maculata";"EN"
"470";"*";"Passeriformes";"Cotingidae";"Lipaugus conditus";"VU"
"471";"*";"Passeriformes";"Cotingidae";"Procnias albus wallacei";"VU"
"472";"*";"Passeriformes";"Cotingidae";"Xipholenaatropurpurea";"VU"
"473";"";"Passeriformes";"Cotingidae";"Xipholenalamellipennis";"VU"
"474";"*";"Passeriformes";"Dendrocolaptidae";"Campylorhamphus cardosoi";"VU"
"475";"*";"Passeriformes";"Dendrocolaptidae";"Campylorhamphusmultostriatus";"VU"
"476";"*";"Passeriformes";"Dendrocolaptidae";"Campylorhamphus trochilirostris trochilirostris";"VU"
"477";"*";"Passeriformes";"Dendrocolaptidae";"Dendrexetastes rufigula paraensis";"VU"
"478";"*";"Passeriformes";"Dendrocolaptidae";"Dendrocincla merula badia";"VU"
"479";"*";"Passeriformes";"Dendrocolaptidae";"Dendrocincla taunayi";"EN"
"480";"*";"Passeriformes";"Dendrocolaptidae";"Dendrocolaptes medius";"VU"
"481";"*";"Passeriformes";"Dendrocolaptidae";"Dendrocolaptes retentus";"VU"
"482";"*";"Passeriformes";"Dendrocolaptidae";"Dendrocolaptes transfasciatus";"VU"
"483";"*";"Passeriformes";"Dendrocolaptidae";"Hylexetastesbrigidai";"VU"
"484";"";"Passeriformes";"Dendrocolaptidae";"Hylexetastesuniformis";"VU"
"485";"*";"Passeriformes";"Dendrocolaptidae";"Xiphocolaptes carajaensis";"VU"
"486";"*";"Passeriformes";"Dendrocolaptidae";"Xiphocolaptesfalcirostris";"VU"
"487";"*";"Passeriformes";"Dendrocolaptidae";"Xiphorhynchusatlanticus";"VU"
"488";"*";"Passeriformes";"Dendrocolaptidae";"Xiphorhynchusguttatoidesgracilirostris";"EN"
"489";"*";"Passeriformes";"Formicariidae";"Chamaeza nobilis fulvipectus";"VU"
"490";"*";"Passeriformes";"Fringillidae";"Spinus yarrellii";"VU"
"491";"*";"Passeriformes";"Furnariidae";"Acrobatornis fonsecai";"VU"
"492";"";"Passeriformes";"Furnariidae";"Anabazenops dorsalis";"VU"
"493";"*";"Passeriformes";"Furnariidae";"Asthenes hudsoni";"VU"
"494";"";"Passeriformes";"Furnariidae";"Asthenes luizae";"EN"
"495";"*";"Passeriformes";"Furnariidae";"Automolus lammi";"EN"
"496";"*";"Passeriformes";"Furnariidae";"Cinclodes espinhacensis";"EN"
"497";"*";"Passeriformes";"Furnariidae";"Coryphisteraalaudina";"CR"
"498";"*";"Passeriformes";"Furnariidae";"Leptasthenuraplatensis";"CR"
"499";"*";"Passeriformes";"Furnariidae";"Pseudoseisura lophotes";"VU"
"500";"*";"Passeriformes";"Furnariidae";"Synallaxis infuscata";"EN"
"501";"*";"Passeriformes";"Furnariidae";"Synallaxis kollari";"VU"
"502";"";"Passeriformes";"Furnariidae";"Syndactyla ucayalae";"VU"
"503";"*";"Passeriformes";"Furnariidae";"Thripophaga macroura";"VU"
"504";"*";"Passeriformes";"Grallariidae";"Grallaria varia distincta";"VU"
"505";"*";"Passeriformes";"Grallariidae";"Grallaria varia intercedens";"EN"
"506";"*";"Passeriformes";"Grallariidae";"Hylopezus paraensis";"VU"
"507";"";"Passeriformes";"Grallariidae";"Hylopezus whittakeri";"VU"
"508";"*";"Passeriformes";"Icteridae";"Anumara forbesi";"VU"
"509";"";"Passeriformes";"Icteridae";"Cacicus koepckeae";"VU"
"510";"*";"Passeriformes";"Icteridae";"Xanthopsar flavus";"VU"
"511";"*";"Passeriformes";"Motacillidae";"Anthus nattereri";"VU"
"512";"";"Passeriformes";"Onychorhynchidae";"Onychorhynchusswainsoni";"VU"
"513";"";"Passeriformes";"Oxyruncidae";"Oxyruncus cristatus tocantinsi";"VU"
"514";"*";"Passeriformes";"Passerellidae";"Arremonops conirostris";"EN"
"515";"*";"Passeriformes";"Pipridae";"Antilophia bokermanni";"CR"
"516";"*";"Passeriformes";"Pipridae";"Lepidothrix iris";"EN"
"517";"*";"Passeriformes";"Pipridae";"Lepidothrix iris iris";"EN"
"518";"*";"Passeriformes";"Pipridae";"Lepidothrix vilasboasi";"EN"
"519";"*";"Passeriformes";"Pipridae";"Neopelma aurifrons";"EN"
"520";"*";"Passeriformes";"Platyrinchidae";"Calyptura cristata";"CR (PEX)"
"521";"";"Passeriformes";"Platyrinchidae";"Platyrinchus leucoryphus";"VU"
"522";"*";"Passeriformes";"Platyrinchidae";"Platyrinchus mystaceus niveigularis";"VU"
"523";"*";"Passeriformes";"Rhinocryptidae";"Eleoscytalopuspsychopompus";"EN"
"524";"*";"Passeriformes";"Rhinocryptidae";"Merulaxis stresemanni";"CR"
"525";"*";"Passeriformes";"Rhinocryptidae";"Scytalopusdiamantinensis";"EN"
"526";"*";"Passeriformes";"Rhinocryptidae";"Scytalopus gonzagai";"EN"
"527";"*";"Passeriformes";"Rhinocryptidae";"Scytalopus iraiensis";"EN"
"528";"*";"Passeriformes";"Rhinocryptidae";"Scytalopusnovacapitalis";"EN"
"529";"";"Passeriformes";"Rhynchocyclidae";"Cnipodectessuperrufus";"VU"
"530";"*";"Passeriformes";"Rhynchocyclidae";"Hemitriccus kaempferi";"VU"
"531";"*";"Passeriformes";"Rhynchocyclidae";"Hemitriccus mirandae";"EN"
"532";"*";"Passeriformes";"Rhynchocyclidae";"Phylloscartes beckeri";"EN"
"533";"*";"Passeriformes";"Rhynchocyclidae";"Phylloscartes ceciliae";"CR"
"534";"*";"Passeriformes";"Rhynchocyclidae";"Phylloscartes roquettei";"EN"
"535";"";"Passeriformes";"Rhynchocyclidae";"Poecilotriccus albifacies";"VU"
"536";"*";"Passeriformes";"Scleruridae";"Geositta poeciloptera";"VU"
"537";"*";"Passeriformes";"Scleruridae";"Sclerurus caudacutus caligineus";"CR"
"538";"*";"Passeriformes";"Scleruridae";"Sclerurus caudacutus umbretta";"CR"
"539";"*";"Passeriformes";"Scleruridae";"Sclerurus cearensis";"EN"
"540";"*";"Passeriformes";"Scleruridae";"Sclerurus macconnelli bahiae";"EN"
"541";"";"Passeriformes";"Thamnophilidae";"Clytoctantesatrogularis";"VU"
"542";"*";"Passeriformes";"Thamnophilidae";"Dysithamnusplumbeus";"EN"
"543";"";"Passeriformes";"Thamnophilidae";"Epinecrophylladentei";"VU"
"544";"*";"Passeriformes";"Thamnophilidae";"Formicivoraacutirostris";"VU"
"545";"*";"Passeriformes";"Thamnophilidae";"Formicivora erythronotos";"CR"
"546";"*";"Passeriformes";"Thamnophilidae";"Formicivoragrantsaui";"EN"
"547";"*";"Passeriformes";"Thamnophilidae";"Formicivoralittoralis";"EN"
"548";"*";"Passeriformes";"Thamnophilidae";"Formicivorapaludicola";"CR"
"549";"";"Passeriformes";"Thamnophilidae";"Hypocnemishypoxanthaochraceiventris";"VU"
"550";"*";"Passeriformes";"Thamnophilidae";"Hypocnemisochrogyna";"VU"
"551";"";"Passeriformes";"Thamnophilidae";"Hypocnemis striata";"VU"
"552";"*";"Passeriformes";"Thamnophilidae";"Myrmoderus ruficauda";"EN"
"553";"*";"Passeriformes";"Thamnophilidae";"Myrmotherula fluminensis";"CR (PEX)"
"554";"*";"Passeriformes";"Thamnophilidae";"Myrmotherula minor";"VU"
"555";"";"Passeriformes";"Thamnophilidae";"Myrmotherula oreni";"VU"
"556";"*";"Passeriformes";"Thamnophilidae";"Myrmotherula snowi";"CR"
"557";"*";"Passeriformes";"Thamnophilidae";"Myrmotherula urosticta";"VU"
"558";"";"Passeriformes";"Thamnophilidae";"Phlegopsis borbae";"VU"
"559";"*";"Passeriformes";"Thamnophilidae";"Phlegopsis nigromaculata confinis";"VU"
"560";"*";"Passeriformes";"Thamnophilidae";"Phlegopsis nigromaculata paraensis";"VU"
"561";"*";"Passeriformes";"Thamnophilidae";"Pyriglena atra";"EN"
"562";"*";"Passeriformes";"Thamnophilidae";"Pyriglena pernambucensis";"VU"
"563";"*";"Passeriformes";"Thamnophilidae";"Rhegmatorhina gymnops";"VU"
"564";"";"Passeriformes";"Thamnophilidae";"Rhegmatorhina hoffmannsi";"VU"
"565";"*";"Passeriformes";"Thamnophilidae";"Rhopornis ardesiacus";"EN"
"566";"*";"Passeriformes";"Thamnophilidae";"Terenura sicki";"CR"
"567";"*";"Passeriformes";"Thamnophilidae";"Thamnomanes caesius caesius";"VU"
"568";"*";"Passeriformes";"Thamnophilidae";"Thamnophilusaethiops distans";"EN"
"569";"*";"Passeriformes";"Thamnophilidae";"Thamnophilus caerulescens cearensis";"VU"
"570";"*";"Passeriformes";"Thamnophilidae";"Thamnophiluscaerulescens pernambucensis";"VU"
"571";"";"Passeriformes";"Thamnophilidae";"Thamnophilusnigrocinereus huberi";"VU"
"572";"*";"Passeriformes";"Thamnophilidae";"Thamnophilusnigrocinereus tschudii";"EN"
"573";"*";"Passeriformes";"Thraupidae";"Conothraupis mesoleuca";"EN"
"574";"*";"Passeriformes";"Thraupidae";"Coryphaspiza melanotis";"VU"
"575";"*";"Passeriformes";"Thraupidae";"Gubernatrix cristata";"CR"
"576";"*";"Passeriformes";"Thraupidae";"Nemosia rourei";"CR"
"577";"*";"Passeriformes";"Thraupidae";"Sporophila beltoni";"VU"
"578";"*";"Passeriformes";"Thraupidae";"Sporophilafalcirostris";"VU"
"579";"*";"Passeriformes";"Thraupidae";"Sporophila frontalis";"VU"
"580";"*";"Passeriformes";"Thraupidae";"Sporophilahypoxantha";"VU"
"581";"*";"Passeriformes";"Thraupidae";"Sporophila maximiliani";"CR"
"582";"*";"Passeriformes";"Thraupidae";"Sporophila melanogaster";"VU"
"583";"*";"Passeriformes";"Thraupidae";"Sporophilanigrorufa";"VU"
"584";"*";"Passeriformes";"Thraupidae";"Sporophila palustris";"VU"
"585";"*";"Passeriformes";"Thraupidae";"Sporophila ruficollis";"VU"
"586";"*";"Passeriformes";"Thraupidae";"Tangara cyanocephala cearensis";"VU"
"587";"*";"Passeriformes";"Thraupidae";"Tangara fastuosa";"VU"
"588";"*";"Passeriformes";"Thraupidae";"Tangara velia signata";"VU"
"589";"*";"Passeriformes";"Tityridae";"Iodopleura pipra";"EN"
"590";"*";"Passeriformes";"Tityridae";"Iodopleura pipra leucopygia";"EN"
"591";"*";"Passeriformes";"Tityridae";"Iodopleura pipra pipra";"EN"
"592";"";"Passeriformes";"Tityridae";"Laniisoma elegans";"EN"
"593";"*";"Passeriformes";"Tityridae";"Schiffornis turdina intermedia";"VU"
"594";"";"Passeriformes";"Troglodytidae";"Cyphorhinusgriseolateralis";"VU"
"595";"*";"Passeriformes";"Turdidae";"Cichlopsisleucogenys";"EN"
"596";"*";"Passeriformes";"Tyrannidae";"Alectrurus tricolor";"VU"
"597";"*";"Passeriformes";"Tyrannidae";"Attila spadiceus uropygiatus";"EN"
"598";"";"Passeriformes";"Tyrannidae";"Contopus nigrescens";"VU"
"599";"*";"Passeriformes";"Tyrannidae";"Elaenia ridleyana";"VU"
"600";"";"Passeriformes";"Tyrannidae";"Knipolegus franciscanus";"VU"
"601";"";"Passeriformes";"Tyrannidae";"Phyllomyias reiseri";"EN"
"602";"*";"Passeriformes";"Tyrannidae";"Serpophaga hypoleuca pallida";"VU"
"603";"*";"Passeriformes";"Tyrannidae";"Stigmatura napensis napensis";"VU"
"604";"*";"Passeriformes";"Tyrannidae";"Xolmis dominicanus";"VU"
"605";"*";"Passeriformes";"Vireonidae";"Vireo gracilirostris";"VU"
"606";"*";"Passeriformes";"Xenopidae";"Xenops minutus alagoanus";"VU"
"607";"*";"Pelecaniformes";"Ardeidae";"Tigrisoma fasciatum";"VU"
"608";"*";"Phaethontiformes";"Phaethontidae";"Phaethon aethereus";"EN"
"609";"*";"Phaethontiformes";"Phaethontidae";"Phaethon lepturus";"EN"
"610";"*";"Piciformes";"Capitonidae";"Capito dayi";"VU"
"611";"*";"Piciformes";"Picidae";"Celeus flavus subflavus";"CR"
"612";"*";"Piciformes";"Picidae";"Celeus galeatus";"EN"
"613";"*";"Piciformes";"Picidae";"Celeus obrieni";"VU"
"614";"*";"Piciformes";"Picidae";"Celeus torquatus pieteroyensi";"VU"
"615";"*";"Piciformes";"Picidae";"Celeus torquatus tinnunculus";"EN"
"616";"*";"Piciformes";"Picidae";"Piculus paraensis";"VU"
"617";"*";"Piciformes";"Picidae";"Piculus polyzonus";"EN"
"618";"*";"Piciformes";"Ramphastidae";"Pteroglossus bitorquatus bitorquatus";"VU"
"619";"*";"Piciformes";"Ramphastidae";"Selenideragouldii baturitensis";"EN"
"620";"*";"Procellariiformes";"Diomedeidae";"Diomedea dabbenena";"CR"
"621";"*";"Procellariiformes";"Diomedeidae";"Diomedea epomophora";"VU"
"622";"*";"Procellariiformes";"Diomedeidae";"Diomedea exulans";"CR"
"623";"*";"Procellariiformes";"Diomedeidae";"Diomedea sanfordi";"EN"
"624";"*";"Procellariiformes";"Diomedeidae";"Thalassarche chlororhynchos";"EN"
"625";"*";"Procellariiformes";"Procellariidae";"Procellaria aequinoctialis";"VU"
"626";"*";"Procellariiformes";"Procellariidae";"Procellaria conspicillata";"VU"
"627";"*";"Procellariiformes";"Procellariidae";"Pterodroma arminjoniana";"CR"
"628";"*";"Procellariiformes";"Procellariidae";"Pterodroma deserta";"VU"
"629";"*";"Procellariiformes";"Procellariidae";"Pterodroma incerta";"EN"
"630";"*";"Procellariiformes";"Procellariidae";"Pterodroma madeira";"EN"
"631";"*";"Procellariiformes";"Procellariidae";"Puffinus lherminieri";"CR"
"632";"*";"Psittaciformes";"Psittacidae";"Amazona pretrei";"VU"
"633";"*";"Psittaciformes";"Psittacidae";"Amazona rhodocorytha";"VU"
"634";"*";"Psittaciformes";"Psittacidae";"Amazona vinacea";"VU"
"635";"*";"Psittaciformes";"Psittacidae";"Anodorhynchus leari";"EN"
"636";"*";"Psittaciformes";"Psittacidae";"Aratinga solstitialis";"EN"
"637";"*";"Psittaciformes";"Psittacidae";"Cyanopsitta spixii";"CR"
"638";"*";"Psittaciformes";"Psittacidae";"Guaruba guarouba";"VU"
"639";"*";"Psittaciformes";"Psittacidae";"Pionus reichenowi";"VU"
"640";"*";"Psittaciformes";"Psittacidae";"Pyrilia vulturina";"VU"
"641";"";"Psittaciformes";"Psittacidae";"Pyrrhura amazonum";"VU"
"642";"";"Psittaciformes";"Psittacidae";"Pyrrhura anerythra";"VU"
"643";"*";"Psittaciformes";"Psittacidae";"Pyrrhura coerulescens";"VU"
"644";"*";"Psittaciformes";"Psittacidae";"Pyrrhura cruentata";"VU"
"645";"*";"Psittaciformes";"Psittacidae";"Pyrrhura griseipectus";"EN"
"646";"*";"Psittaciformes";"Psittacidae";"Pyrrhura leucotis";"VU"
"647";"";"Psittaciformes";"Psittacidae";"Pyrrhura molinae";"VU"
"648";"";"Psittaciformes";"Psittacidae";"Pyrrhura pallescens";"VU"
"649";"";"Psittaciformes";"Psittacidae";"Pyrrhura perlata";"VU"
"650";"*";"Psittaciformes";"Psittacidae";"Pyrrhura pfrimeri";"EN"
"651";"*";"Psittaciformes";"Psittacidae";"Touit melanonotus";"VU"
"652";"*";"Psittaciformes";"Psittacidae";"Touit surdus";"VU"
"653";"*";"Strigiformes";"Strigidae";"Pulsatrix perspicillata pulsatrix";"CR"
"654";"*";"Strigiformes";"Strigidae";"Strix huhula albomarginata";"VU"
"655";"*";"Suliformes";"Fregatidae";"Fregata minor";"CR"
"656";"*";"Suliformes";"Fregatidae";"Fregata trinitatis";"CR"
"657";"*";"Suliformes";"Sulidae";"Sula sula";"EN"
"658";"*";"Tinamiformes";"Tinamidae";"Crypturellus zabele";"VU"
"659";"*";"Tinamiformes";"Tinamidae";"Nothura minor";"EN"
"660";"*";"Tinamiformes";"Tinamidae";"Taoniscus nanus";"EN"
"661";"*";"Tinamiformes";"Tinamidae";"Tinamus tao";"VU"
"662";"*";"Trogoniformes";"Trogonidae";"Trogon collaris eytoni";"EN"
NA;"";"MAMÍFEROS";"MAMÍFEROS";"MAMÍFEROS";""
"663";"*";"Carnivora";"Canidae";"Atelocynus microtis";"VU"
"664";"*";"Carnivora";"Canidae";"Chrysocyonbrachyurus";"VU"
"665";"*";"Carnivora";"Canidae";"Lycalopex vetulus";"VU"
"666";"*";"Carnivora";"Canidae";"Speothos venaticus";"VU"
"667";"*";"Carnivora";"Felidae";"Herpailurusyagouaroundi";"VU"
"668";"*";"Carnivora";"Felidae";"Leopardus colocolo";"VU"
"669";"*";"Carnivora";"Felidae";"Leopardus geoffroyi";"VU"
"670";"*";"Carnivora";"Felidae";"Leopardus guttulus";"VU"
"671";"*";"Carnivora";"Felidae";"Leopardus tigrinus";"EN"
"672";"*";"Carnivora";"Felidae";"Leopardus wiedii";"VU"
"673";"*";"Carnivora";"Felidae";"Panthera onca";"VU"
"674";"*";"Carnivora";"Mustelidae";"Pteronura brasiliensis";"VU"
"675";"*";"Cetartiodactyla";"Cervidae";"Blastocerus dichotomus";"VU"
"676";"*";"Cetartiodactyla";"Cervidae";"Mazama nana";"VU"
"677";"*";"Cetartiodactyla";"Cervidae";"Ozotocerosbezoarticusbezoarticus";"VU"
"678";"*";"Cetartiodactyla";"Tayassuidae";"Tayassu pecari";"VU"
"679";"*";"Chiroptera";"Furipteridae";"Furipterus horrens";"VU"
"680";"*";"Chiroptera";"Natalidae";"Natalus macrourus";"VU"
"681";"";"Chiroptera";"Phyllostomidae";"Lonchophyllabokermanni";"VU"
"682";"*";"Chiroptera";"Phyllostomidae";"Lonchophylladekeyseri";"EN"
"683";"*";"Cingulata";"Dasypodidae";"Priodontes maximus";"VU"
"684";"*";"Cingulata";"Dasypodidae";"Tolypeutes tricinctus";"EN"
"685";"*";"Perissodactyla";"Tapiridae";"Tapirus terrestris";"VU"
"686";"*";"Pilosa";"Bradypodidae";"Bradypus torquatus";"VU"
"687";"*";"Pilosa";"Myrmecophagidae";"Myrmecophaga tridactyla";"VU"
"688";"*";"Primates";"Atelidae";"Alouatta belzebul";"VU"
"689";"*";"Primates";"Atelidae";"Alouatta discolor";"VU"
"690";"*";"Primates";"Atelidae";"Alouatta guariba clamitans";"VU"
"691";"*";"Primates";"Atelidae";"Alouatta guariba guariba";"CR"
"692";"*";"Primates";"Atelidae";"Alouatta ululata";"EN"
"693";"*";"Primates";"Atelidae";"Ateles belzebuth";"VU"
"694";"*";"Primates";"Atelidae";"Ateles chamek";"VU"
"695";"*";"Primates";"Atelidae";"Ateles marginatus";"EN"
"696";"*";"Primates";"Atelidae";"Brachyteles arachnoides";"EN"
"697";"*";"Primates";"Atelidae";"Brachyteles hypoxanthus";"CR"
"698";"*";"Primates";"Atelidae";"Lagothrix lagothricha cana";"EN"
"699";"*";"Primates";"Atelidae";"Lagothrixlagothrichalagothricha";"VU"
"700";"*";"Primates";"Atelidae";"Lagothrixlagothricha poeppigii";"VU"
"701";"*";"Primates";"Callitrichidae";"Callithrix aurita";"EN"
"702";"*";"Primates";"Callitrichidae";"Callithrix flaviceps";"EN"
"703";"*";"Primates";"Callitrichidae";"Leontopithecus caissara";"EN"
"704";"*";"Primates";"Callitrichidae";"Leontopithecus chrysomelas";"EN"
"705";"*";"Primates";"Callitrichidae";"Leontopithecus chrysopygus";"EN"
"706";"*";"Primates";"Callitrichidae";"Leontopithecus rosalia";"EN"
"707";"*";"Primates";"Callitrichidae";"Mico rondoni";"VU"
"708";"*";"Primates";"Callitrichidae";"Saguinus bicolor";"CR"
"709";"*";"Primates";"Callitrichidae";"Saguinus niger";"VU"
"710";"*";"Primates";"Cebidae";"Cebus kaapori";"CR"
"711";"*";"Primates";"Cebidae";"Saimiri vanzolinii";"VU"
"712";"*";"Primates";"Cebidae";"Sapajus cay";"VU"
"713";"*";"Primates";"Cebidae";"Sapajus flavius";"EN"
"714";"*";"Primates";"Cebidae";"Sapajus robustus";"EN"
"715";"*";"Primates";"Cebidae";"Sapajusxanthosternos";"EN"
"716";"*";"Primates";"Pitheciidae";"Cacajao hosomi";"EN"
"717";"*";"Primates";"Pitheciidae";"Callicebusbarbarabrownae";"CR"
"718";"*";"Primates";"Pitheciidae";"Callicebus coimbrai";"EN"
"719";"*";"Primates";"Pitheciidae";"Callicebus melanochir";"VU"
"720";"*";"Primates";"Pitheciidae";"Callicebuspersonatus";"VU"
"721";"*";"Primates";"Pitheciidae";"Chiropotes satanas";"CR"
"722";"*";"Primates";"Pitheciidae";"Chiropotesutahickae";"VU"
"723";"*";"Rodentia";"Caviidae";"Cavia intermedia";"CR"
"724";"*";"Rodentia";"Caviidae";"Kerodon acrobata";"VU"
"725";"*";"Rodentia";"Caviidae";"Kerodon rupestris";"VU"
"726";"*";"Rodentia";"Cricetidae";"Akodon mystax";"VU"
"727";"*";"Rodentia";"Cricetidae";"Cerradomys goytaca";"EN"
"728";"*";"Rodentia";"Cricetidae";"Euryoryzomys lamia";"EN"
"729";"*";"Rodentia";"Cricetidae";"Gyldenstolpia planaltensis";"EN"
"730";"*";"Rodentia";"Cricetidae";"Juscelinomys candango";"CR (PEX)"
"731";"*";"Rodentia";"Cricetidae";"Microakodontomys transitorius";"EN"
"732";"*";"Rodentia";"Cricetidae";"Oligoryzomys rupestris";"EN"
"733";"*";"Rodentia";"Cricetidae";"Rhipidomys cariri";"VU"
"734";"*";"Rodentia";"Cricetidae";"Rhipidomys tribei";"EN"
"735";"*";"Rodentia";"Cricetidae";"Thalpomys cerradensis";"VU"
"736";"*";"Rodentia";"Cricetidae";"Thalpomys lasiotis";"EN"
"737";"*";"Rodentia";"Cricetidae";"Wilfredomys oenax";"EN"
"738";"*";"Rodentia";"Ctenomyidae";"Ctenomys bicolor";"EN"
"739";"*";"Rodentia";"Ctenomyidae";"Ctenomys flamarioni";"EN"
"740";"*";"Rodentia";"Ctenomyidae";"Ctenomys lami";"EN"
"741";"*";"Rodentia";"Ctenomyidae";"Ctenomys minutus";"VU"
"742";"*";"Rodentia";"Echimyidae";"Callistomys pictus";"EN"
"743";"*";"Rodentia";"Echimyidae";"Phyllomys brasiliensis";"EN"
"744";"*";"Rodentia";"Echimyidae";"Phyllomys lundi";"EN"
"745";"*";"Rodentia";"Echimyidae";"Phyllomys thomasi";"EN"
"746";"*";"Rodentia";"Echimyidae";"Phyllomys unicolor";"CR"
"747";"*";"Rodentia";"Echimyidae";"Trinomys eliasi";"VU"
"748";"*";"Rodentia";"Echimyidae";"Trinomys mirapitanga";"EN"
"749";"*";"Rodentia";"Echimyidae";"Trinomys moojeni";"EN"
"750";"*";"Rodentia";"Echimyidae";"Trinomys yonenagae";"EN"
"751";"*";"Rodentia";"Erethizontidae";"Chaetomyssubspinosus";"VU"
"752";"*";"Rodentia";"Erethizontidae";"Coendou speratus";"EN"
"753";"*";"Cetartiodactyla";"Balaenidae";"Eubalaena australis";"EN"
"754";"*";"Cetartiodactyla";"Balaenopteridae";"Balaenoptera borealis";"EN"
"755";"*";"Cetartiodactyla";"Balaenopteridae";"Balaenoptera musculus";"CR"
"756";"*";"Cetartiodactyla";"Balaenopteridae";"Balaenoptera physalus";"EN"
"757";"*";"Cetartiodactyla";"Delphinidae";"Sotalia guianensis";"VU"
"758";"";"Cetartiodactyla";"Delphinidae";"Tursiops gephyreus";"EN"
"759";"";"Cetartiodactyla";"Iniidae";"Inia araguaiaensis";"VU"
"760";"*";"Cetartiodactyla";"Iniidae";"Inia geoffrensis";"EN"
"761";"*";"Cetartiodactyla";"Physeteridae";"Physeter macrocephalus";"VU"
"762";"*";"Cetartiodactyla";"Pontoporiidae";"Pontoporia blainvillei";"CR"
"763";"*";"Sirenia";"Trichechidae";"Trichechus inunguis";"VU"
"764";"*";"Sirenia";"Trichechidae";"Trichechus manatus";"EN"
"ANEXO 3. LISTA NACIONAL DE ESPÉCIES DA FAUNA AQUÁTICA AMEAÇADA DE EXTINÇÃO";"ANEXO 3. LISTA NACIONAL DE ESPÉCIES DA FAUNA AQUÁTICA AMEAÇADA DE EXTINÇÃO";"ANEXO 3. LISTA NACIONAL DE ESPÉCIES DA FAUNA AQUÁTICA AMEAÇADA DE EXTINÇÃO";"ANEXO 3. LISTA NACIONAL DE ESPÉCIES DA FAUNA AQUÁTICA AMEAÇADA DE EXTINÇÃO";"ANEXO 3. LISTA NACIONAL DE ESPÉCIES DA FAUNA AQUÁTICA AMEAÇADA DE EXTINÇÃO";"ANEXO 3. LISTA NACIONAL DE ESPÉCIES DA FAUNA AQUÁTICA AMEAÇADA DE EXTINÇÃO"
"";"#";"Ordem";"Família";"Espécie ou Subespécie";"Categoria"
"";"";"INVERTEBRADOS AQUÁTICOS";"INVERTEBRADOS AQUÁTICOS";"INVERTEBRADOS AQUÁTICOS";""
"1";"";"Amphipoda";"Artesiidae";"Spelaeogammarusbahiensis";"VU"
"2";"";"Amphipoda";"Artesiidae";"Spelaeogammarussanctus";"CR"
"3";"";"Amphipoda";"Artesiidae";"Spelaeogammarussantanensis";"CR"
"4";"";"Amphipoda";"Artesiidae";"Spelaeogammarusspinilacertus";"EN"
"5";"";"Amphipoda";"Artesiidae";"Spelaeogammarus titan";"CR"
"6";"";"Amphipoda";"Bogidiellidae";"Megagidiella azul";"VU"
"7";"";"Amphipoda";"Dogielinotidae";"Hyalella caeca";"VU"
"8";"";"Amphipoda";"Hyalellidae";"Hyalella epikarstica";"CR"
"9";"";"Amphipoda";"Hyalellidae";"Hyalella formosa";"CR"
"10";"";"Amphipoda";"Hyalellidae";"Hyalella imbya";"CR (PEX)"
"11";"";"Amphipoda";"Hyalellidae";"Hyalella veredae";"CR"
"12";"";"Amphipoda";"Mesogammaridae";"Potiberaba porakuara";"VU"
"13";"";"Amphipoda";"Sebidae";"Seborgia potiguar";"CR"
"14";"*";"Caenogastropoda";"Hydrobiidae";"Potamolithus troglobius";"CR"
"15";"*";"Coleoptera";"Dytiscidae";"Copelatus cessaima";"EN"
"16";"*";"Decapoda";"Aeglidae";"Aegla brevipalma";"CR"
"17";"*";"Decapoda";"Aeglidae";"Aegla camargoi";"EN"
"18";"*";"Decapoda";"Aeglidae";"Aegla cavernicola";"CR"
"19";"";"Decapoda";"Aeglidae";"Aegla charon";"CR"
"20";"*";"Decapoda";"Aeglidae";"Aegla franca";"CR"
"21";"*";"Decapoda";"Aeglidae";"Aegla inconspicua";"VU"
"22";"*";"Decapoda";"Aeglidae";"Aegla inermis";"EN"
"23";"*";"Decapoda";"Aeglidae";"Aegla itacolomiensis";"EN"
"24";"*";"Decapoda";"Aeglidae";"Aegla leachi";"EN"
"25";"*";"Decapoda";"Aeglidae";"Aegla leptochela";"CR"
"26";"*";"Decapoda";"Aeglidae";"Aegla leptodactyla";"VU"
"27";"*";"Decapoda";"Aeglidae";"Aegla manuinflata";"EN"
"28";"*";"Decapoda";"Aeglidae";"Aegla microphthalma";"CR"
"29";"*";"Decapoda";"Aeglidae";"Aegla oblata";"EN"
"30";"*";"Decapoda";"Aeglidae";"Aegla obstipa";"EN"
"31";"*";"Decapoda";"Aeglidae";"Aegla perobae";"CR"
"32";"*";"Decapoda";"Aeglidae";"Aegla renana";"CR"
"33";"*";"Decapoda";"Aeglidae";"Aegla violacea";"EN"
"34";"*";"Ephemeroptera";"Baetidae";"Adebrotus lugoi";"VU"
"35";"";"Ephemeroptera";"Baetidae";"Camelobaetidiusjuparana";"VU"
"36";"*";"Ephemeroptera";"Baetidae";"Camelobaetidius maranhensis";"VU"
"37";"*";"Ephemeroptera";"Baetidae";"Camelobaetidiusspinosus";"VU"
"38";"*";"Ephemeroptera";"Leptophlebiidae";"Hermanella amere";"EN"
"39";"*";"Ephemeroptera";"Leptophlebiidae";"Hermanella nigra";"VU"
"40";"";"Ephemeroptera";"Leptophlebiidae";"Simothraulopsis eurybasis";"VU"
"41";"";"Isopoda";"Brasileirinidae";"Brasileirinho cavaticus";"CR"
"42";"";"Isopoda";"Calabozoidae";"Pongycarcinia xiphidiourus";"EN"
"43";"*";"Littorinimorpha";"Pomatiopsidae";"Spiripockiapunctata";"CR"
"44";"*";"Odonata";"Aeshnidae";"Castoraeschnajanuaria";"VU"
"45";"*";"Odonata";"Aeshnidae";"Rhionaeschna eduardoi";"EN"
"46";"*";"Odonata";"Coenagrionidae";"Homeoura lindneri";"VU"
"47";"*";"Odonata";"Coenagrionidae";"Leptagrion acutum";"CR"
"48";"*";"Odonata";"Coenagrionidae";"Leptagrionbocainense";"VU"
"49";"*";"Odonata";"Coenagrionidae";"Leptagrion capixabae";"VU"
"50";"*";"Odonata";"Coenagrionidae";"Leptagrionporrectum";"EN"
"51";"*";"Odonata";"Coenagrionidae";"Leptagrion vriesianum";"VU"
"52";"*";"Odonata";"Gomphidae";"Phyllocycla bartica";"VU"
"53";"*";"Odonata";"Libellulidae";"Elasmothemisschubarti";"EN"
"54";"*";"Odonata";"Libellulidae";"Macrothemis tessellata";"VU"
"55";"*";"Odonata";"Libellulidae";"Micrathyria borgmeieri";"VU"
"56";"*";"Odonata";"Libellulidae";"Micrathyria divergens";"VU"
"57";"*";"Odonata";"Megapodagrionidae";"Heteragrionpetiense";"EN"
"58";"*";"Odonata";"Pseudostigmatidae";"Mecistogaster pronoti";"CR (PEX)"
"59";"*";"Pulmonata";"Streptaxidae";"Hypselartemonalveus";"VU"
"60";"*";"Spongillida";"Spongillidae";"Racekiela cavernicola";"VU"
"61";"";"Tricladida";"Dimarcusidae";"Hausera hauseri";"VU"
"62";"";"Tricladida";"Dugesiidae";"Girardia arenicola";"CR"
"63";"";"Tricladida";"Dugesiidae";"Girardia desiderensis";"CR"
"64";"";"Tricladida";"Dugesiidae";"Girardia multidiverticulata";"CR"
"65";"";"Tricladida";"Dugesiidae";"Girardia paucipuntacta";"CR"
"66";"";"Tricladida";"Uteriporidae";"Sluysia triapertura";"CR"
"67";"*";"Zygoptera";"Coenagrionidae";"Aceratobasis cornicauda";"VU"
"68";"*";"Zygoptera";"Coenagrionidae";"Aceratobasis mourei";"EN"
"69";"*";"Zygoptera";"Coenagrionidae";"Fluminagrion taxaense";"CR (PEX)"
"70";"";"Amphipoda";"Artesiidae";"Spelaeogammarus trajanoae";"EN"
"71";"*";"Actiniaria";"Actiniidae";"Condylactisgigantea";"EN"
"72";"*";"Anthoathecata";"Milleporidae";"Millepora laboreli";"VU"
"73";"*";"Apodida";"Synaptidae";"Synaptula secreta";"CR"
"74";"*";"Camarodonta";"Toxopneustidae";"Lytechinus variegatus";"VU"
"75";"*";"Cassiduloida";"Cassidulidae";"Cassidulus mitis";"EN"
"76";"*";"Decapoda";"Gecarcinidae";"Cardisoma guanhumi";"VU"
"77";"*";"Decapoda";"Gecarcinidae";"Johngarthia lagostoma";"EN"
"78";"*";"Enteropneusta";"Spengelidae";"Willeya loya";"CR"
"79";"*";"Eunicida";"Eunicidae";"Eunice sebastiani";"EN"
"80";"*";"Eunicida";"Onuphidae";"Diopatra cuprea";"VU"
"81";"*";"Forcipulatida";"Asteriidae";"Coscinasterias tenuispina";"VU"
"82";"*";"Littorinimorpha";"Strombidae";"Eustrombus goliath";"VU"
"83";"*";"Littorinimorpha";"Strombidae";"Lobatus costatus";"VU"
"84";"*";"Littorinimorpha";"Vermetidae";"Petaloconchus myrakeenae";"VU"
"85";"*";"Ostreoida";"Pectinidae";"Euvola ziczac";"EN"
"86";"*";"Paxillosida";"Astropectinidae";"Astropecten articulatus";"VU"
"87";"*";"Paxillosida";"Astropectinidae";"Astropecten brasiliensis";"VU"
"88";"*";"Paxillosida";"Astropectinidae";"Astropecten marginatus";"VU"
"89";"*";"Paxillosida";"Luidiidae";"Luidia senegalensis";"VU"
"90";"*";"Poecilosclerida";"Latrunculiidae";"Latrunculiajaneirensis";"VU"
"91";"*";"Scleractinia";"Mussidae";"Mussismilia braziliensis";"VU"
"92";"*";"Scleractinia";"Mussidae";"Mussismilia harttii";"EN"
"93";"*";"Suberitida";"Halichondriidae";"Halichondria cebimarensis";"VU"
"94";"*";"Suberitida";"Halichondriidae";"Halichondria tenebrica";"VU"
"95";"*";"Terebratulida";"Bouchardiidae";"Bouchardia rosea";"EN"
"96";"*";"Valvatida";"Ophidiasteridae";"Linckia guildingi";"VU"
"97";"*";"Valvatida";"Oreasteridae";"Oreaster reticulatus";"VU"
NA;"";"PEIXES";"PEIXES";"PEIXES";""
"98";"*";"Atheriniformes";"Atherinopsidae";"Odontesthes bicudo";"EN"
"99";"";"#Carcharhiniformes";"Carcharhinidae";"Carcharhinus acronotus";"VU"
"100";"";"#Carcharhiniformes";"Carcharhinidae";"Carcharhinus brevipinna";"VU"
"101";"";"#Carcharhiniformes";"Carcharhinidae";"Carcharhinus falciformis";"CR"
"102";"*";"Carcharhiniformes";"Carcharhinidae";"Carcharhinusgalapagensis";"CR"
"103";"";"#Carcharhiniformes";"Carcharhinidae";"Carcharhinus leucas";"VU"
"104";"*";"Carcharhiniformes";"Carcharhinidae";"Carcharhinuslongimanus";"VU"
"105";"*";"Carcharhiniformes";"Carcharhinidae";"Carcharhinusobscurus";"EN"
"106";"*";"Carcharhiniformes";"Carcharhinidae";"Carcharhinus perezi";"VU"
"107";"*";"Carcharhiniformes";"Carcharhinidae";"Carcharhinusplumbeus";"CR"
"108";"*";"Carcharhiniformes";"Carcharhinidae";"Carcharhinusporosus";"CR"
"109";"*";"Carcharhiniformes";"Carcharhinidae";"Carcharhinussignatus";"EN"
"110";"*";"Carcharhiniformes";"Carcharhinidae";"Isogomphodon oxyrhynchus";"CR"
"111";"*";"Carcharhiniformes";"Carcharhinidae";"Negaprion brevirostris";"EN"
"112";"*";"Carcharhiniformes";"Sphyrnidae";"Sphyrna lewini";"CR"
"113";"*";"Carcharhiniformes";"Sphyrnidae";"Sphyrna media";"CR"
"114";"*";"Carcharhiniformes";"Sphyrnidae";"Sphyrna mokarran";"CR"
"115";"*";"Carcharhiniformes";"Sphyrnidae";"Sphyrna tiburo";"CR"
"116";"*";"Carcharhiniformes";"Sphyrnidae";"Sphyrna tudes";"CR"
"117";"*";"Carcharhiniformes";"Sphyrnidae";"Sphyrna zygaena";"CR"
"118";"*";"Carcharhiniformes";"Triakidae";"Galeorhinus galeus";"CR"
"119";"*";"Carcharhiniformes";"Triakidae";"Mustelus canis";"EN"
"120";"*";"Carcharhiniformes";"Triakidae";"Mustelus fasciatus";"CR"
"121";"*";"Carcharhiniformes";"Triakidae";"Mustelus schmitti";"CR"
"122";"*";"Characiformes";"Anostomidae";"Hypomasticus thayeri";"VU"
"123";"*";"Characiformes";"Anostomidae";"Leporinus guttatus";"VU"
"124";"*";"Characiformes";"Anostomidae";"Leporinus pitingai";"CR"
"125";"*";"Characiformes";"Anostomidae";"Sartor tucuruiense";"EN"
"126";"*";"Characiformes";"Characidae";"Astyanax eremus";"CR"
"127";"*";"Characiformes";"Characidae";"Brycon devillei";"EN"
"128";"*";"Characiformes";"Characidae";"Brycon gouldingi";"EN"
"129";"*";"Characiformes";"Characidae";"Brycon insignis";"EN"
"130";"*";"Characiformes";"Characidae";"Brycon opalinus";"VU"
"131";"*";"Characiformes";"Characidae";"Brycon orbignyanus";"CR"
"132";"*";"Characiformes";"Characidae";"Brycon vermelha";"EN"
"133";"*";"Characiformes";"Characidae";"Bryconamericus lambari";"EN"
"134";"*";"Characiformes";"Characidae";"Diapomapyrrhopteryx";"EN"
"135";"*";"Characiformes";"Characidae";"Hasemania crenuchoides";"EN"
"136";"";"Characiformes";"Characidae";"Hasemania maxillaris";"CR (PEX)"
"137";"";"Characiformes";"Characidae";"Hasemania melanura";"CR (PEX)"
"138";"*";"Characiformes";"Characidae";"Hasemania piatan";"EN"
"139";"";"Characiformes";"Characidae";"Hasemania uberaba";"EN"
"140";"*";"Characiformes";"Characidae";"Henochilus wheatlandii";"CR"
"141";"*";"Characiformes";"Characidae";"Hollandichthys taramandahy";"EN"
"142";"*";"Characiformes";"Characidae";"Hyphessobryconduragenys";"EN"
"143";"*";"Characiformes";"Characidae";"Hyphessobryconflammeus";"EN"
"144";"";"Characiformes";"Characidae";"Hyphessobrycon taurocephalus";"CR (PEX)"
"145";"*";"Characiformes";"Characidae";"Kolpotocheirodon figueiredoi";"CR"
"146";"*";"Characiformes";"Characidae";"Lepidocharaxdiamantina";"EN"
"147";"*";"Characiformes";"Characidae";"Mimagoniates lateralis";"VU"
"148";"*";"Characiformes";"Characidae";"Mimagoniates sylvicola";"EN"
"149";"*";"Characiformes";"Characidae";"Rachoviscus crassiceps";"EN"
"150";"*";"Characiformes";"Characidae";"Rachoviscus graciliceps";"EN"
"151";"*";"Characiformes";"Characidae";"Rhinopetitia potamorhachia";"EN"
"152";"*";"Characiformes";"Characidae";"Spintherobolusankoseion";"VU"
"153";"*";"Characiformes";"Characidae";"Spintherobolusbroccae";"EN"
"154";"*";"Characiformes";"Characidae";"Spintherobolusleptoura";"EN"
"155";"*";"Characiformes";"Characidae";"Spintheroboluspapilliferus";"EN"
"156";"*";"Characiformes";"Characidae";"Stygichthys typhlops";"EN"
"157";"*";"Characiformes";"Crenuchidae";"Characidiumgrajahuensis";"CR"
"158";"*";"Characiformes";"Crenuchidae";"Characidium vestigipinne";"CR"
"159";"*";"Characiformes";"Crenuchidae";"Melanocharacidium nigrum";"EN"
"160";"*";"Characiformes";"Cynodontidae";"Roestes itupiranga";"VU"
"161";"*";"Characiformes";"Lebiasinidae";"Lebiasina marilynae";"VU"
"162";"*";"Characiformes";"Lebiasinidae";"Lebiasina melanoguttata";"VU"
"163";"*";"Characiformes";"Lebiasinidae";"Lebiasina minuta";"VU"
"164";"*";"Characiformes";"Parodontidae";"Apareiodon davisi";"EN"
"165";"*";"Characiformes";"Prochilodontidae";"Prochilodus britskii";"EN"
"166";"*";"Characiformes";"Prochilodontidae";"Prochilodus vimboides";"VU"
"167";"*";"Characiformes";"Serrasalmidae";"Mylesinus paucisquamatus";"EN"
"168";"*";"Characiformes";"Serrasalmidae";"Myloplus tiete";"EN"
"169";"*";"Characiformes";"Serrasalmidae";"Ossubtus xinguense";"VU"
"170";"*";"Cyprinodontiformes";"Anablepidae";"Jenynsia sanctaecatarinae";"EN"
"171";"*";"Cyprinodontiformes";"Poeciliidae";"Cnesterodon carnegiei";"VU"
"172";"*";"Cyprinodontiformes";"Poeciliidae";"Cnesterodon iguape";"CR"
"173";"*";"Cyprinodontiformes";"Poeciliidae";"Cnesterodonomorgmatos";"CR"
"174";"*";"Cyprinodontiformes";"Poeciliidae";"Pamphorichthys pertapeh";"CR"
"175";"*";"Cyprinodontiformes";"Poeciliidae";"Phalloptychus eigenmanni";"CR"
"176";"*";"Cyprinodontiformes";"Poeciliidae";"Phallotorynus fasciolatus";"CR (PEX)"
"177";"*";"Cyprinodontiformes";"Rivulidae";"Anablepsoides cearensis";"CR"
"178";"*";"Cyprinodontiformes";"Rivulidae";"Atlantirivulus lazzarotoi";"CR"
"179";"*";"Cyprinodontiformes";"Rivulidae";"Atlantirivulus maricensis";"CR"
"180";"*";"Cyprinodontiformes";"Rivulidae";"Atlantirivulus nudiventris";"CR"
"181";"*";"Cyprinodontiformes";"Rivulidae";"Atlantirivulus simplicis";"EN"
"182";"*";"Cyprinodontiformes";"Rivulidae";"Austrolebias adloffi";"EN"
"183";"*";"Cyprinodontiformes";"Rivulidae";"Austrolebias alexandri";"EN"
"184";"*";"Cyprinodontiformes";"Rivulidae";"Austrolebias arachan";"VU"
"185";"";"Cyprinodontiformes";"Rivulidae";"Austrolebias araucarianus";"VU"
"186";"";"Cyprinodontiformes";"Rivulidae";"Austrolebias bagual";"CR"
"187";"";"Cyprinodontiformes";"Rivulidae";"Austrolebias camaquensis";"EN"
"188";"*";"Cyprinodontiformes";"Rivulidae";"Austrolebias carvalhoi";"CR"
"189";"*";"Cyprinodontiformes";"Rivulidae";"Austrolebias cheradophilus";"CR"
"190";"*";"Cyprinodontiformes";"Rivulidae";"Austrolebias cinereus";"CR"
"191";"*";"Cyprinodontiformes";"Rivulidae";"Austrolebias cyaneus";"EN"
"192";"";"Cyprinodontiformes";"Rivulidae";"Austrolebias ephemerus";"EN"
"193";"*";"Cyprinodontiformes";"Rivulidae";"Austrolebias ibicuiensis";"EN"
"194";"*";"Cyprinodontiformes";"Rivulidae";"Austrolebias jaegari";"CR"
"195";"*";"Cyprinodontiformes";"Rivulidae";"Austrolebias litzi";"VU"
"196";"*";"Cyprinodontiformes";"Rivulidae";"Austrolebias nachtigalli";"VU"
"197";"*";"Cyprinodontiformes";"Rivulidae";"Austrolebias nigrofasciatus";"EN"
"198";"*";"Cyprinodontiformes";"Rivulidae";"Austrolebias paucisquama";"VU"
"199";"";"Cyprinodontiformes";"Rivulidae";"Austrolebias pelotapes";"CR"
"200";"";"Cyprinodontiformes";"Rivulidae";"Austrolebias pongondo";"EN"
"201";"";"Cyprinodontiformes";"Rivulidae";"Austrolebias quirogai";"CR"
"202";"*";"Cyprinodontiformes";"Rivulidae";"Austrolebias univentripinnis";"CR"
"203";"*";"Cyprinodontiformes";"Rivulidae";"Austrolebias varzeae";"CR"
"204";"*";"Cyprinodontiformes";"Rivulidae";"Campellolebiasbrucei";"CR"
"205";"*";"Cyprinodontiformes";"Rivulidae";"Campellolebias chrysolineatus";"CR"
"206";"*";"Cyprinodontiformes";"Rivulidae";"Campellolebiasdorsimaculatus";"CR"
"207";"*";"Cyprinodontiformes";"Rivulidae";"Campellolebiasintermedius";"CR"
"208";"";"Cyprinodontiformes";"Rivulidae";"Cynolebias akroa";"VU"
"209";"";"Cyprinodontiformes";"Rivulidae";"Cynolebias elegans";"CR"
"210";"";"Cyprinodontiformes";"Rivulidae";"Cynolebias gorutuba";"EN"
"211";"*";"Cyprinodontiformes";"Rivulidae";"Cynolebias griseus";"EN"
"212";"*";"Cyprinodontiformes";"Rivulidae";"Cynolebiasleptocephalus";"EN"
"213";"";"Cyprinodontiformes";"Rivulidae";"Cynolebiasparnaibensis";"CR"
"214";"";"Cyprinodontiformes";"Rivulidae";"Cynopoecilusfeltrini";"VU"
"215";"*";"Cyprinodontiformes";"Rivulidae";"Cynopoecilusintimus";"VU"
"216";"*";"Cyprinodontiformes";"Rivulidae";"Hypsolebiasadornatus";"CR"
"217";"*";"Cyprinodontiformes";"Rivulidae";"Hypsolebiasalternatus";"EN"
"218";"*";"Cyprinodontiformes";"Rivulidae";"Hypsolebias auratus";"CR"
"219";"*";"Cyprinodontiformes";"Rivulidae";"Hypsolebias brunoi";"VU"
"220";"*";"Cyprinodontiformes";"Rivulidae";"Hypsolebias carlettoi";"EN"
"221";"";"Cyprinodontiformes";"Rivulidae";"Hypsolebias delucai";"VU"
"222";"";"Cyprinodontiformes";"Rivulidae";"Hypsolebias faouri";"VU"
"223";"*";"Cyprinodontiformes";"Rivulidae";"Hypsolebiasfasciatus";"VU"
"224";"*";"Cyprinodontiformes";"Rivulidae";"Hypsolebiasflammeus";"EN"
"225";"*";"Cyprinodontiformes";"Rivulidae";"Hypsolebiasflavicaudatus";"EN"
"226";"*";"Cyprinodontiformes";"Rivulidae";"Hypsolebiasfulminantis";"CR"
"227";"";"Cyprinodontiformes";"Rivulidae";"Hypsolebiasgardneri";"EN"
"228";"*";"Cyprinodontiformes";"Rivulidae";"Hypsolebiasghisolfii";"EN"
"229";"*";"Cyprinodontiformes";"Rivulidae";"Hypsolebiasgibberatus";"VU"
"230";"";"Cyprinodontiformes";"Rivulidae";"Hypsolebiasgilbertobrasili";"CR"
"231";"*";"Cyprinodontiformes";"Rivulidae";"Hypsolebiasguanambi";"VU"
"232";"";"Cyprinodontiformes";"Rivulidae";"Hypsolebiashamadryades";"CR"
"233";"*";"Cyprinodontiformes";"Rivulidae";"Hypsolebiasharmonicus";"VU"
"234";"*";"Cyprinodontiformes";"Rivulidae";"Hypsolebias hellneri";"EN"
"235";"*";"Cyprinodontiformes";"Rivulidae";"Hypsolebias igneus";"EN"
"236";"*";"Cyprinodontiformes";"Rivulidae";"Hypsolebiasjanaubensis";"CR"
"237";"*";"Cyprinodontiformes";"Rivulidae";"Hypsolebiaslongignatus";"VU"
"238";"*";"Cyprinodontiformes";"Rivulidae";"Hypsolebias lopesi";"CR"
"239";"*";"Cyprinodontiformes";"Rivulidae";"Hypsolebias macaubensis";"EN"
"240";"*";"Cyprinodontiformes";"Rivulidae";"Hypsolebias magnificus";"EN"
"241";"*";"Cyprinodontiformes";"Rivulidae";"Hypsolebias marginatus";"CR (PEX)"
"242";"*";"Cyprinodontiformes";"Rivulidae";"Hypsolebias mediopapillatus";"VU"
"243";"*";"Cyprinodontiformes";"Rivulidae";"Hypsolebias multiradiatus";"CR"
"244";"*";"Cyprinodontiformes";"Rivulidae";"Hypsolebias nielseni";"EN"
"245";"*";"Cyprinodontiformes";"Rivulidae";"Hypsolebias notatus";"EN"
"246";"";"Cyprinodontiformes";"Rivulidae";"Hypsolebiasnudiorbitatus";"VU"
"247";"*";"Cyprinodontiformes";"Rivulidae";"Hypsolebiaspicturatus";"EN"
"248";"";"Cyprinodontiformes";"Rivulidae";"Hypsolebias radiseriatus";"EN"
"249";"*";"Cyprinodontiformes";"Rivulidae";"Hypsolebias rufus";"CR"
"250";"";"Cyprinodontiformes";"Rivulidae";"Hypsolebiasshibattai";"VU"
"251";"";"Cyprinodontiformes";"Rivulidae";"Hypsolebiassplendissimus";"VU"
"252";"*";"Cyprinodontiformes";"Rivulidae";"Hypsolebiasstellatus";"EN"
"253";"*";"Cyprinodontiformes";"Rivulidae";"Hypsolebias tocantinensis";"CR"
"254";"*";"Cyprinodontiformes";"Rivulidae";"Hypsolebias trilineatus";"CR"
"255";"*";"Cyprinodontiformes";"Rivulidae";"Hypsolebias virgulatus";"CR"
"256";"*";"Cyprinodontiformes";"Rivulidae";"Kryptolebias brasiliensis";"EN"
"257";"*";"Cyprinodontiformes";"Rivulidae";"Kryptolebias campelloi";"CR"
"258";"*";"Cyprinodontiformes";"Rivulidae";"Kryptolebias gracilis";"CR"
"259";"*";"Cyprinodontiformes";"Rivulidae";"Leptolebias marmoratus";"CR"
"260";"*";"Cyprinodontiformes";"Rivulidae";"Leptopanchax citrinipinnis";"CR"
"261";"*";"Cyprinodontiformes";"Rivulidae";"Leptopanchaxitanhaensis";"CR"
"262";"*";"Cyprinodontiformes";"Rivulidae";"Leptopanchaxopalescens";"CR"
"263";"*";"Cyprinodontiformes";"Rivulidae";"Leptopanchaxsplendens";"CR"
"264";"*";"Cyprinodontiformes";"Rivulidae";"Maratecoara formosa";"VU"
"265";"*";"Cyprinodontiformes";"Rivulidae";"Maratecoara splendida";"VU"
"266";"*";"Cyprinodontiformes";"Rivulidae";"Melanorivulus crixas";"VU"
"267";"*";"Cyprinodontiformes";"Rivulidae";"Melanorivulus illuminatus";"VU"
"268";"*";"Cyprinodontiformes";"Rivulidae";"Melanorivulus karaja";"VU"
"269";"*";"Cyprinodontiformes";"Rivulidae";"Melanorivulus kayapo";"VU"
"270";"*";"Cyprinodontiformes";"Rivulidae";"Melanorivulus kunzei";"VU"
"271";"*";"Cyprinodontiformes";"Rivulidae";"Melanorivulus pinima";"EN"
"272";"*";"Cyprinodontiformes";"Rivulidae";"Melanorivulus rubromarginatus";"VU"
"273";"*";"Cyprinodontiformes";"Rivulidae";"Melanorivulus rutilicaudus";"VU"
"274";"*";"Cyprinodontiformes";"Rivulidae";"Melanorivulus salmonicaudus";"VU"
"275";"*";"Cyprinodontiformes";"Rivulidae";"Melanorivulus scalaris";"EN"
"276";"*";"Cyprinodontiformes";"Rivulidae";"Melanorivulus ubirajarai";"VU"
"277";"*";"Cyprinodontiformes";"Rivulidae";"Melanorivulus vittatus";"EN"
"278";"*";"Cyprinodontiformes";"Rivulidae";"Moema piriana";"CR (PEX)"
"279";"*";"Cyprinodontiformes";"Rivulidae";"Nematolebias catimbau";"CR"
"280";"*";"Cyprinodontiformes";"Rivulidae";"Nematolebias papilliferus";"CR"
"281";"*";"Cyprinodontiformes";"Rivulidae";"Nematolebias whitei";"CR"
"282";"*";"Cyprinodontiformes";"Rivulidae";"Notholebias cruzi";"CR"
"283";"*";"Cyprinodontiformes";"Rivulidae";"Notholebias fractifasciatus";"CR"
"284";"*";"Cyprinodontiformes";"Rivulidae";"Notholebias minimus";"EN"
"285";"*";"Cyprinodontiformes";"Rivulidae";"Notholebias vermiculatus";"CR"
"286";"*";"Cyprinodontiformes";"Rivulidae";"Ophthalmolebiasbokermanni";"CR"
"287";"*";"Cyprinodontiformes";"Rivulidae";"Ophthalmolebias constanciae";"CR"
"288";"*";"Cyprinodontiformes";"Rivulidae";"Ophthalmolebiasilheusensis";"EN"
"289";"*";"Cyprinodontiformes";"Rivulidae";"Ophthalmolebiasperpendicularis";"CR"
"290";"*";"Cyprinodontiformes";"Rivulidae";"Ophthalmolebias rosaceus";"CR"
"291";"*";"Cyprinodontiformes";"Rivulidae";"Ophthalmolebiassuzarti";"VU"
"292";"*";"Cyprinodontiformes";"Rivulidae";"Pituna brevirostrata";"CR"
"293";"*";"Cyprinodontiformes";"Rivulidae";"Pituna xinguensis";"CR"
"294";"*";"Cyprinodontiformes";"Rivulidae";"Plesiolebias canabravensis";"VU"
"295";"*";"Cyprinodontiformes";"Rivulidae";"Plesiolebias xavantei";"EN"
"296";"*";"Cyprinodontiformes";"Rivulidae";"Simpsonichthysboitonei";"CR"
"297";"*";"Cyprinodontiformes";"Rivulidae";"Simpsonichthys cholopteryx";"EN"
"298";"";"Cyprinodontiformes";"Rivulidae";"Simpsonichthys espinhacensis";"EN"
"299";"*";"Cyprinodontiformes";"Rivulidae";"Simpsonichthysnigromaculatus";"VU"
"300";"*";"Cyprinodontiformes";"Rivulidae";"Simpsonichthysparallelus";"EN"
"301";"*";"Cyprinodontiformes";"Rivulidae";"Simpsonichthyspunctulatus";"CR"
"302";"*";"Cyprinodontiformes";"Rivulidae";"Simpsonichthyssantanae";"EN"
"303";"*";"Cyprinodontiformes";"Rivulidae";"Simpsonichthys zonatus";"CR (PEX)"
"304";"*";"Cyprinodontiformes";"Rivulidae";"Spectrolebias reticulatus";"CR"
"305";"*";"Cyprinodontiformes";"Rivulidae";"Trigonectesstrigabundus";"EN"
"306";"*";"Cyprinodontiformes";"Rivulidae";"Xenurolebias myersi";"EN"
"307";"*";"Elopiformes";"Megalopidae";"Megalops atlanticus";"VU"
"308";"*";"Gymnotiformes";"Apteronotidae";"Sternarchella curvioperculata";"EN"
"309";"*";"Gymnotiformes";"Apteronotidae";"Sternarchogiton zuanoni";"EN"
"310";"*";"Gymnotiformes";"Apteronotidae";"Sternarchorhynchusbritskii";"EN"
"311";"*";"Gymnotiformes";"Apteronotidae";"Sternarchorhynchuscaboclo";"VU"
"312";"*";"Gymnotiformes";"Apteronotidae";"Sternarchorhynchushiguchii";"CR"
"313";"*";"Gymnotiformes";"Apteronotidae";"Sternarchorhynchusinpai";"VU"
"314";"*";"Gymnotiformes";"Apteronotidae";"Sternarchorhynchusjaimei";"CR"
"315";"*";"Gymnotiformes";"Apteronotidae";"Sternarchorhynchuskokraimoro";"EN"
"316";"*";"Gymnotiformes";"Apteronotidae";"Sternarchorhynchusmareikeae";"VU"
"317";"*";"Gymnotiformes";"Apteronotidae";"Sternarchorhynchusseverii";"VU"
"318";"*";"Gymnotiformes";"Apteronotidae";"Sternarchorhynchusvillasboasi";"EN"
"319";"*";"Gymnotiformes";"Apteronotidae";"Tembeassu marauna";"CR"
"320";"";"Gymnotiformes";"Sternopygidae";"Archolaemus ferreirai";"VU"
"321";"";"Gymnotiformes";"Sternopygidae";"Archolaemus santosi";"VU"
"322";"*";"Gymnotiformes";"Sternopygidae";"Eigenmannia vicentespelaea";"VU"
"323";"*";"Hexanchiformes";"Hexanchidae";"Notorynchus cepedianus";"CR"
"324";"*";"Lamniformes";"Alopiidae";"Alopias superciliosus";"EN"
"325";"*";"Lamniformes";"Alopiidae";"Alopias vulpinus";"CR"
"326";"*";"Lamniformes";"Cetorhinidae";"Cetorhinus maximus";"CR"
"327";"*";"Lamniformes";"Lamnidae";"Carcharodon carcharias";"VU"
"328";"";"#Lamniformes";"Lamnidae";"Isurus oxyrinchus";"CR"
"329";"*";"Lamniformes";"Odontaspididae";"Carcharias taurus";"CR"
"330";"*";"Ophidiiformes";"Ophidiidae";"Ophidion holbrookii";"CR"
"331";"";"Ophidiiformes";"Ophidiidae";"Otophidium chickcharney";"CR (PEX)"
"332";"*";"Orectolobiformes";"Ginglymostomatidae";"Ginglymostoma cirratum";"VU"
"333";"*";"Orectolobiformes";"Rhincodontidae";"Rhincodon typus";"VU"
"334";"*";"Perciformes";"Chaetodontidae";"Prognathodes obliquus";"VU"
"335";"*";"Perciformes";"Cichlidae";"Crenicichla cyclostoma";"CR"
"336";"*";"Perciformes";"Cichlidae";"Crenicichla empheres";"VU"
"337";"*";"Perciformes";"Cichlidae";"Crenicichlahadrostigma";"VU"
"338";"*";"Perciformes";"Cichlidae";"Crenicichla heckeli";"VU"
"339";"*";"Perciformes";"Cichlidae";"Crenicichla jegui";"EN"
"340";"*";"Perciformes";"Cichlidae";"Crenicichlajupiaensis";"EN"
"341";"*";"Perciformes";"Cichlidae";"Crenicichla urosema";"EN"
"342";"*";"Perciformes";"Cichlidae";"Teleocichla centisquama";"EN"
"343";"*";"Perciformes";"Cichlidae";"Teleocichla cinderella";"EN"
"344";"*";"Perciformes";"Cichlidae";"Teleocichlaprionogenys";"VU"
"345";"*";"Perciformes";"Cichlidae";"Teleocichla wajapi";"EN"
"346";"*";"Perciformes";"Epinephelidae";"Epinephelus itajara";"CR"
"347";"*";"Perciformes";"Epinephelidae";"Epinephelus marginatus";"VU"
"348";"*";"Perciformes";"Epinephelidae";"Epinephelus morio";"VU"
"349";"*";"Perciformes";"Gobiidae";"Elacatinus figaro";"VU"
"350";"*";"Perciformes";"Istiophoridae";"Kajikia albida";"VU"
"351";"*";"Perciformes";"Istiophoridae";"Makaira nigricans";"EN"
"352";"*";"Perciformes";"Labridae";"Halichoeres rubrovirens";"VU"
"353";"*";"Perciformes";"Labrisomidae";"Malacoctenus brunoi";"VU"
"354";"*";"Perciformes";"Lutjanidae";"Lutjanus cyanopterus";"VU"
"355";"*";"Perciformes";"Lutjanidae";"Lutjanus purpureus";"VU"
"356";"*";"Perciformes";"Malacanthidae";"Lopholatilus villarii";"VU"
"357";"*";"Perciformes";"Microdesmidae";"Cerdale fasciata";"EN"
"358";"*";"Perciformes";"Polyprionidae";"Polyprion americanus";"CR"
"359";"*";"Perciformes";"Pomacentridae";"Microspathodon chrysurus";"VU"
"360";"*";"Perciformes";"Pomacentridae";"Stegastes rocasensis";"VU"
"361";"*";"Perciformes";"Pomacentridae";"Stegastessanctipauli";"VU"
"362";"*";"Perciformes";"Pomacentridae";"Stegastes trindadensis";"VU"
"363";"*";"Perciformes";"Scaridae";"Scarus trispinosus";"EN"
"364";"*";"Perciformes";"Scaridae";"Scarus zelindae";"VU"
"365";"*";"Perciformes";"Scaridae";"Sparisoma axillare";"VU"
"366";"*";"Perciformes";"Scaridae";"Sparisoma frondosum";"VU"
"367";"*";"Perciformes";"Scaridae";"Sparisoma rocha";"VU"
"368";"*";"Perciformes";"Sciaenidae";"Pogonias cromis";"EN"
"369";"*";"Perciformes";"Scombridae";"Thunnus thynnus";"EN"
"370";"*";"Perciformes";"Serranidae";"Choranthiassalmopunctatus";"VU"
"371";"*";"Perciformes";"Serranidae";"Hyporthodusnigritus";"EN"
"372";"*";"Perciformes";"Serranidae";"Hyporthodusniveatus";"VU"
"373";"*";"Perciformes";"Serranidae";"Mycteroperca bonaci";"VU"
"374";"*";"Perciformes";"Serranidae";"Mycteroperca interstitialis";"VU"
"375";"*";"Perciformes";"Tripterygiidae";"Enneanectes smithi";"VU"
"376";"*";"Pleuronectiformes";"Achiridae";"Achirus mucuri";"VU"
"377";"*";"Pristiformes";"Pristidae";"Pristis pectinata";"CR (PEX)"
"378";"*";"Pristiformes";"Pristidae";"Pristis pristis";"CR"
"379";"*";"Rajiformes";"Dasyatidae";"Bathytoshia centroura";"CR"
"380";"*";"Rajiformes";"Dasyatidae";"Fontitrygon colarensis";"VU"
"381";"";"Rajiformes";"Dasyatidae";"Hypanus americanus";"VU"
"382";"";"Rajiformes";"Dasyatidae";"Hypanus marianae";"VU"
"383";"*";"Rajiformes";"Gymnuridae";"Gymnura altavela";"CR"
"384";"*";"Rajiformes";"Myliobatidae";"Manta birostris";"VU"
"385";"*";"Rajiformes";"Myliobatidae";"Mobula mobular";"VU"
"386";"*";"Rajiformes";"Myliobatidae";"Mobula tarapacana";"VU"
"387";"*";"Rajiformes";"Myliobatidae";"Mobula thurstoni";"VU"
"388";"*";"Rajiformes";"Myliobatidae";"Myliobatis freminvillei";"EN"
"389";"*";"Rajiformes";"Myliobatidae";"Myliobatis goodei";"CR"
"390";"*";"Rajiformes";"Myliobatidae";"Myliobatis ridens";"CR"
"391";"*";"Rajiformes";"Myliobatidae";"Rhinoptera brasiliensis";"CR"
"392";"*";"Rajiformes";"Potamotrygonidae";"Paratrygon aiereba";"CR"
"393";"*";"Rajiformes";"Rajidae";"Atlantoraja castelnaui";"EN"
"394";"";"Rajiformes";"Rajidae";"Atlantoraja cyclophora";"VU"
"395";"*";"Rajiformes";"Rajidae";"Rioraja agassizii";"VU"
"396";"*";"Rajiformes";"Rajidae";"Sympterygia acuta";"EN"
"397";"*";"Rajiformes";"Rajidae";"Sympterygiabonapartii";"EN"
"398";"*";"Rajiformes";"Rhinobatidae";"Pseudobatos horkelii";"CR"
"399";"";"Rajiformes";"Rhinobatidae";"Pseudobatos percellens";"VU"
"400";"*";"Rajiformes";"Rhinobatidae";"Zapteryxbrevirostris";"VU"
"401";"";"Rajiformes";"Urolophidae";"Urotrygon microphthalmum";"VU"
"402";"*";"Scorpaeniformes";"Scorpaenidae";"Scorpaenodesinsularis";"VU"
"403";"*";"Siluriformes";"Ariidae";"Genidens barbus";"EN"
"404";"*";"Siluriformes";"Ariidae";"Genidens planifrons";"CR"
"405";"*";"Siluriformes";"Ariidae";"Paragenidens grandoculis";"CR"
"406";"*";"Siluriformes";"Ariidae";"Sciades parkeri";"VU"
"407";"*";"Siluriformes";"Callichthyidae";"Corydoras lacerdai";"EN"
"408";"*";"Siluriformes";"Callichthyidae";"Scleromystax macropterus";"EN"
"409";"*";"Siluriformes";"Doradidae";"Kalyptodoras bahiensis";"EN"
"410";"*";"Siluriformes";"Doradidae";"Rhynchodoras xingui";"EN"
"411";"*";"Siluriformes";"Heptapteridae";"Chasmocranusbrachynemus";"EN"
"412";"*";"Siluriformes";"Heptapteridae";"Heptapterus multiradiatus";"CR (PEX)"
"413";"*";"Siluriformes";"Heptapteridae";"Pimelodella kronei";"EN"
"414";"*";"Siluriformes";"Heptapteridae";"Pimelodella spelaea";"EN"
"415";"*";"Siluriformes";"Heptapteridae";"Rhamdia jequitinhonha";"VU"
"416";"*";"Siluriformes";"Heptapteridae";"Rhamdiopsis krugi";"VU"
"417";"*";"Siluriformes";"Heptapteridae";"Taunayia bifasciata";"VU"
"418";"*";"Siluriformes";"Loricariidae";"Ancistrus cryptophthalmus";"EN"
"419";"*";"Siluriformes";"Loricariidae";"Ancistrus formoso";"VU"
"420";"*";"Siluriformes";"Loricariidae";"Ancistrus minutus";"EN"
"421";"*";"Siluriformes";"Loricariidae";"Baryancistrus longipinnis";"CR"
"422";"*";"Siluriformes";"Loricariidae";"Baryancistrus niveatus";"CR"
"423";"*";"Siluriformes";"Loricariidae";"Delturus parahybae";"CR"
"424";"*";"Siluriformes";"Loricariidae";"Harttia depressa";"EN"
"425";"*";"Siluriformes";"Loricariidae";"Harttia dissidens";"VU"
"426";"";"Siluriformes";"Loricariidae";"Harttia panara";"VU"
"427";"";"Siluriformes";"Loricariidae";"Harttia villasboas";"VU"
"428";"*";"Siluriformes";"Loricariidae";"Hemiancistrus megalopteryx";"EN"
"429";"*";"Siluriformes";"Loricariidae";"Hypancistrus zebra";"CR"
"430";"";"Siluriformes";"Loricariidae";"Hypostomussubcarinatus";"CR"
"431";"*";"Siluriformes";"Loricariidae";"Isbrueckerichthys saxicola";"EN"
"432";"*";"Siluriformes";"Loricariidae";"Leporacanthicusjoselimai";"VU"
"433";"*";"Siluriformes";"Loricariidae";"Lithoxus lithoides";"VU"
"434";"*";"Siluriformes";"Loricariidae";"Loricaria coximensis";"CR"
"435";"*";"Siluriformes";"Loricariidae";"Microlepidogaster perforatus";"CR"
"436";"*";"Siluriformes";"Loricariidae";"Neoplecostomus botucatu";"VU"
"437";"*";"Siluriformes";"Loricariidae";"Otothyris juquiae";"CR"
"438";"*";"Siluriformes";"Loricariidae";"Parancistrus nudiventris";"EN"
"439";"*";"Siluriformes";"Loricariidae";"Pareiorhaphis nasuta";"CR"
"440";"*";"Siluriformes";"Loricariidae";"Pareiorhaphis scutula";"EN"
"441";"*";"Siluriformes";"Loricariidae";"Parotocinclus spilurus";"EN"
"442";"";"Siluriformes";"Loricariidae";"Plesioptopoma curvidens";"CR"
"443";"*";"Siluriformes";"Loricariidae";"Pogonopoma obscurum";"EN"
"444";"*";"Siluriformes";"Loricariidae";"Pogonopoma parahybae";"EN"
"445";"*";"Siluriformes";"Loricariidae";"Pseudotocinclus juquiae";"CR"
"446";"*";"Siluriformes";"Loricariidae";"Pseudotocinclus tietensis";"EN"
"447";"*";"Siluriformes";"Loricariidae";"Scobinancistrusaureatus";"VU"
"448";"*";"Siluriformes";"Loricariidae";"Scobinancistruspariolispos";"VU"
"449";"*";"Siluriformes";"Pimelodidae";"Aguarunichthys tocantinsensis";"EN"
"450";"*";"Siluriformes";"Pimelodidae";"Conorhynchos conirostris";"EN"
"451";"*";"Siluriformes";"Pimelodidae";"Pimelodus joannis";"VU"
"452";"*";"Siluriformes";"Pimelodidae";"Pimelodus stewartii";"VU"
"453";"";"Siluriformes";"Pimelodidae";"Pseudoplatystoma corruscans";"VU"
"454";"*";"Siluriformes";"Pimelodidae";"Steindachneridionamblyurum";"CR"
"455";"*";"Siluriformes";"Pimelodidae";"Steindachneridiondoceanum";"CR"
"456";"*";"Siluriformes";"Pimelodidae";"Steindachneridionmelanodermatum";"EN"
"457";"*";"Siluriformes";"Pimelodidae";"Steindachneridionparahybae";"EN"
"458";"*";"Siluriformes";"Pimelodidae";"Steindachneridionscriptum";"EN"
"459";"*";"Siluriformes";"Pseudopimelodidae";"Lophiosilurusalexandri";"VU"
"460";"";"Siluriformes";"Pseudopimelodidae";"Microglanis maculatus";"CR"
"461";"*";"Siluriformes";"Pseudopimelodidae";"Microglanis robustus";"CR"
"462";"*";"Siluriformes";"Trichomycteridae";"Cambeva crassicaudata";"EN"
"463";"*";"Siluriformes";"Trichomycteridae";"Cambeva igobi";"VU"
"464";"*";"Siluriformes";"Trichomycteridae";"Cambeva mboycy";"EN"
"465";"*";"Siluriformes";"Trichomycteridae";"Cambeva paolence";"EN"
"466";"*";"Siluriformes";"Trichomycteridae";"Cambeva papillifera";"EN"
"467";"";"Siluriformes";"Trichomycteridae";"Cambeva pascuali";"CR"
"468";"*";"Siluriformes";"Trichomycteridae";"Cambeva tropeiro";"CR"
"469";"*";"Siluriformes";"Trichomycteridae";"Glaphyropoma spinosum";"VU"
"470";"*";"Siluriformes";"Trichomycteridae";"Ituglanis bambui";"CR"
"471";"*";"Siluriformes";"Trichomycteridae";"Ituglanis cahyensis";"EN"
"472";"*";"Siluriformes";"Trichomycteridae";"Ituglanis epikarsticus";"VU"
"473";"*";"Siluriformes";"Trichomycteridae";"Ituglanis mambai";"EN"
"474";"*";"Siluriformes";"Trichomycteridae";"Ituglanis passensis";"VU"
"475";"*";"Siluriformes";"Trichomycteridae";"Ituglanis ramiroi";"VU"
"476";"*";"Siluriformes";"Trichomycteridae";"Listrura camposi";"CR"
"477";"*";"Siluriformes";"Trichomycteridae";"Listruranematopteryx";"CR"
"478";"*";"Siluriformes";"Trichomycteridae";"Microcambeva draco";"EN"
"479";"*";"Siluriformes";"Trichomycteridae";"Trichogenes claviger";"CR"
"480";"*";"Siluriformes";"Trichomycteridae";"Trichomycterus dali";"VU"
"481";"*";"Siluriformes";"Trichomycteridae";"Trichomycterusitacarambiensis";"CR"
"482";"*";"Siluriformes";"Trichomycteridae";"Trichomycterus rubbioli";"VU"
"483";"*";"Siluriformes";"Trichomycteridae";"Trichomycterus triguttatus";"CR"
"484";"*";"Squatiniformes";"Squatinidae";"Squatina argentina";"CR"
"485";"*";"Squatiniformes";"Squatinidae";"Squatina guggenheim";"CR"
"486";"*";"Squatiniformes";"Squatinidae";"Squatina occulta";"CR"
"487";"*";"Syngnathiformes";"Syngnathidae";"Hippocampus erectus";"VU"
"488";"*";"Syngnathiformes";"Syngnathidae";"Hippocampuspatagonicus";"VU"
"489";"*";"Syngnathiformes";"Syngnathidae";"Hippocampus reidi";"VU"
"490";"";"Torpediniformes";"Narcinidae";"Narcine brasiliensis";"VU"
"ANEXO 4. LISTA DE ESPÉCIES EXTINTAS NO BRASIL";"ANEXO 4. LISTA DE ESPÉCIES EXTINTAS NO BRASIL";"ANEXO 4. LISTA DE ESPÉCIES EXTINTAS NO BRASIL";"ANEXO 4. LISTA DE ESPÉCIES EXTINTAS NO BRASIL";"ANEXO 4. LISTA DE ESPÉCIES EXTINTAS NO BRASIL";"ANEXO 4. LISTA DE ESPÉCIES EXTINTAS NO BRASIL"
"";"#";"Ordem";"Família";"Espécie ou Subespécie";"Categoria"
"";"";"ANFÍBIOS";"ANFÍBIOS";"ANFÍBIOS";""
"1";"";"Anura";"Hylidae";"Boana cymbalum";"EX"
"2";"*";"Anura";"Phyllomedusidae";"Phrynomedusa fimbriata";"EX"
"";"";"AVES";"AVES";"AVES";""
"3";"*";"Charadriiformes";"Scolopacidae";"Numenius borealis";"RE"
"4";"*";"Passeriformes";"Furnariidae";"Cichlocolaptes mazarbarnetti";"EX"
"5";"*";"Passeriformes";"Furnariidae";"Philydor novaesi";"EX"
"6";"*";"Passeriformes";"Icteridae";"Leistes defilippii";"RE"
"7";"*";"Psittaciformes";"Psittacidae";"Anodorhynchus glaucus";"RE"
"8";"*";"Strigiformes";"Strigidae";"Glaucidium mooreorum";"EX"
"";"";"MAMÍFEROS";"MAMÍFEROS";"MAMÍFEROS";""
"9";"*";"Rodentia";"Cricetidae";"Noronhomys vespuccii";"EX"
