n;port443;classe;ordem;familia;especie_subespecie;categoria
1;*;Aves;Accipitriformes;Accipitridae;Amadonastur lacernulatus;VU
2;*;Aves;Accipitriformes;Accipitridae;Circus cinereus;VU
3;*;Aves;Accipitriformes;Accipitridae;Harpia harpyja;VU
4;*;Aves;Accipitriformes;Accipitridae;Leptodon forbesi;EN
5;*;Aves;Accipitriformes;Accipitridae;Morphnus guianensis;VU
6;*;Aves;Accipitriformes;Accipitridae;Urubitinga coronata;EN
7;*;Anthozoa;Actiniaria;Actiniidae;Condylactis gigantea;EN
8;*;Arachnida;Amblypygi;Charinidae;Charinus acaraje;VU
9;*;Arachnida;Amblypygi;Charinidae;Charinus asturius;EN
10;;Arachnida;Amblypygi;Charinidae;Charinus caatingae;CR
11;*;Arachnida;Amblypygi;Charinidae;Charinus eleonorae;EN
12;;Arachnida;Amblypygi;Charinidae;Charinus ferreus;CR
13;*;Arachnida;Amblypygi;Charinidae;Charinus potiguar;VU
14;;Arachnida;Amblypygi;Charinidae;Charinus spelaeus;VU
15;;Arachnida;Amblypygi;Charinidae;Charinus taboa;CR
16;*;Arachnida;Amblypygi;Charinidae;Charinus troglobius;EN
17;;Malacostraca;Amphipoda;Artesiidae;Spelaeogammarus bahiensis;VU
18;;Malacostraca;Amphipoda;Artesiidae;Spelaeogammarus sanctus;CR
19;;Malacostraca;Amphipoda;Artesiidae;Spelaeogammarus santanensis;CR
20;;Malacostraca;Amphipoda;Artesiidae;Spelaeogammarus spinilacertus;EN
21;;Malacostraca;Amphipoda;Artesiidae;Spelaeogammarus titan;CR
22;;Malacostraca;Amphipoda;Bogidiellidae;Megagidiella azul;VU
23;;Malacostraca;Amphipoda;Dogielinotidae;Hyalella caeca;VU
24;;Malacostraca;Amphipoda;Hyalellidae;Hyalella epikarstica;CR
25;;Malacostraca;Amphipoda;Hyalellidae;Hyalella formosa;CR
26;;Malacostraca;Amphipoda;Hyalellidae;Hyalella imbya;CR (PEX)
27;;Malacostraca;Amphipoda;Hyalellidae;Hyalella veredae;CR
28;;Malacostraca;Amphipoda;Mesogammaridae;Potiberaba porakuara;VU
29;;Malacostraca;Amphipoda;Sebidae;Seborgia potiguar;CR
30;;Malacostraca;Amphipoda;Artesiidae;Spelaeogammarus trajanoae;EN
31;*;Aves;Anseriformes;Anatidae;Mergus octosetaceus;CR
32;*;Hydrozoa;Anthoathecata;Milleporidae;Millepora laboreli;VU
33;;Amphibia;Anura;Hylidae;Boana cymbalum;EX
34;*;Amphibia;Anura;Phyllomedusidae;Phrynomedusa fimbriata;EX
35;;Diplopoda;Anura;Aromobatidae;Anomaloglossus apiau;EN
36;;Diplopoda;Anura;Aromobatidae;Anomaloglossus tepequem;CR (PEX)
37;;Amphibia;Anura;Brachycephalidae;Brachycephalus mirissimus;VU
38;*;Amphibia;Anura;Brachycephalidae;Brachycephalus pernix;CR
39;;Amphibia;Anura;Brachycephalidae;Brachycephalus quiririensis;EN
40;;Amphibia;Anura;Brachycephalidae;Ischnocnema epipeda;CR (PEX)
41;;Amphibia;Anura;Brachycephalidae;Ischnocnema garciai;CR
42;;Amphibia;Anura;Brachycephalidae;Ischnocnema karst;VU
43;*;Amphibia;Anura;Brachycephalidae;Ischnocnema manezinho;EN
44;*;Amphibia;Anura;Bufonidae;Melanophryniscus admirabilis;CR
45;;Amphibia;Anura;Bufonidae;Melanophryniscus biancae;EN
46;*;Amphibia;Anura;Bufonidae;Melanophryniscus cambaraensis;EN
47;*;Amphibia;Anura;Bufonidae;Melanophryniscus dorsalis;VU
48;;Amphibia;Anura;Bufonidae;Melanophryniscus klappenbachi;VU
49;*;Amphibia;Anura;Bufonidae;Melanophryniscus macrogranulosus;EN
50;;Amphibia;Anura;Bufonidae;Melanophryniscus montevidensis;VU
51;*;Amphibia;Anura;Bufonidae;Melanophryniscus setiba;VU
52;;Amphibia;Anura;Bufonidae;Rhinella casconi;CR
53;;Amphibia;Anura;Ceratophryidae;Ceratophrys ornata;CR (PEX)
54;*;Amphibia;Anura;Cycloramphidae;Cycloramphusdiringshofeni;CR
55;*;Amphibia;Anura;Cycloramphidae;Cycloramphusfaustoi;VU
56;;Amphibia;Anura;Cycloramphidae;Cycloramphusstejnegeri;CR (PEX)
57;;Amphibia;Anura;Cycloramphidae;Thoropa lutzi;CR (PEX)
58;*;Amphibia;Anura;Cycloramphidae;Thoropapetropolitana;CR (PEX)
59;*;Amphibia;Anura;Eleutherodactylidae;Adelophryne maranguapensis;CR
60;;Amphibia;Anura;Hylidae;Boana buriti;VU
61;;Amphibia;Anura;Hylidae;Bokermannohyla napolii;VU
62;*;Amphibia;Anura;Hylidae;Bokermannohyla vulcaniae;EN
63;*;Amphibia;Anura;Hylidae;Nyctimantis pomba;CR
64;*;Amphibia;Anura;Hylidae;Scinax alcatraz;VU
65;*;Amphibia;Anura;Hylidae;Scinax faivovichi;VU
66;;Amphibia;Anura;Hylidae;Scinax muriciensis;CR
67;*;Amphibia;Anura;Hylidae;Scinax peixotoi;CR (PEX)
68;;Amphibia;Anura;Hylidae;Scinax pinimus;VU
69;;Amphibia;Anura;Hylidae;Sphaenorhynchusbromelicola;EN
70;;Amphibia;Anura;Hylidae;Sphaenorhynchus cammaeus;CR
71;;Amphibia;Anura;Hylidae;Sphaenorhynchus canga;CR
72;*;Amphibia;Anura;Hylidae;Xenohyla truncata;VU
73;;Amphibia;Anura;Hylodidae;Crossodactylusboulengeri;CR (PEX)
74;*;Amphibia;Anura;Hylodidae;Crossodactylusdantei;CR
75;;Amphibia;Anura;Hylodidae;Crossodactylusdispar;CR (PEX)
76;;Amphibia;Anura;Hylodidae;Crossodactylusfranciscanus;CR (PEX)
77;;Amphibia;Anura;Hylodidae;Hylodes glaber;CR (PEX)
78;;Amphibia;Anura;Hylodidae;Hylodes magalhaesi;VU
79;;Amphibia;Anura;Hylodidae;Hylodes mertensi;CR
80;;Amphibia;Anura;Hylodidae;Hylodes sazimai;EN
81;;Amphibia;Anura;Leptodactylidae;Crossodactylodesitambe;CR
82;;Amphibia;Anura;Leptodactylidae;Crossodactylodesizecksohni;EN
83;*;Amphibia;Anura;Leptodactylidae;Paratelmatobius lutzii;CR (PEX)
84;*;Amphibia;Anura;Leptodactylidae;Physalaemus soaresi;CR
85;*;Amphibia;Anura;Microhylidae;Chiasmocleisalagoana;VU
86;;Amphibia;Anura;Odontophrynidae;Proceratophrys ararype;CR
87;*;Amphibia;Anura;Odontophrynidae;Proceratophrys palustris;CR
88;*;Amphibia;Anura;Odontophrynidae;Proceratophrys sanctaritae;CR
89;;Amphibia;Anura;Phyllomedusidae;Phrynomedusa marginata;CR (PEX)
90;;Amphibia;Anura;Phyllomedusidae;Phrynomedusa vanzolinii;CR (PEX)
91;;Amphibia;Anura;Phyllomedusidae;Pithecopus rusticus;CR
92;;Amphibia;Anura;Strabomantidae;Euparkerella robusta;CR
93;*;Amphibia;Anura;Strabomantidae;Holoaden bradei;CR (PEX)
94;*;Holothuroidea;Apodida;Synaptidae;Synaptula secreta;CR
95;*;Aves;Apodiformes;Trochilidae;Augastes lumachella;EN
96;;Aves;Apodiformes;Trochilidae;Campylopterus calcirupicola;EN
97;;Aves;Apodiformes;Trochilidae;Colibridelphinae greenewalti;EN
98;*;Aves;Apodiformes;Trochilidae;Discosuralangsdorffi langsdorffi;EN
99;*;Aves;Apodiformes;Trochilidae;Glaucis dohrnii;VU
100;*;Aves;Apodiformes;Trochilidae;Lophornis gouldii;VU
101;*;Aves;Apodiformes;Trochilidae;Phaethornis aethopygus;VU
102;*;Aves;Apodiformes;Trochilidae;Phaethornis major;VU
103;*;Aves;Apodiformes;Trochilidae;Phaethornis margarettae;EN
104;*;Aves;Apodiformes;Trochilidae;Thalurania watertonii;EN
105;;Arachnida;Araneae;Caponiidae;Carajas paraua;EN
106;;Arachnida;Araneae;Caponiidae;Tisentnops onix;CR
107;*;Arachnida;Araneae;Corinnidae;Ianduba paubrasil;EN
108;*;Arachnida;Araneae;Ctenidae;Celaetycheus mungunza;CR
109;*;Arachnida;Araneae;Ctenidae;Isoctenus corymbus;CR
110;*;Arachnida;Araneae;Dipluridae;Harmonicon cerberus;CR
111;*;Arachnida;Araneae;Drymusidae;Drymusa spelunca;CR
112;*;Arachnida;Araneae;Gnaphosidae;Brasilomma enigmatica;EN
113;*;Arachnida;Araneae;Gnaphosidae;Tricongius ybyguara;VU
114;*;Arachnida;Araneae;Ochyroceratidae;Ochyrocera ibitipoca;EN
115;*;Arachnida;Araneae;Ochyroceratidae;Speocera eleonorae;EN
116;*;Arachnida;Araneae;Pholcidae;Metagonia diamantina;CR
117;*;Arachnida;Araneae;Pholcidae;Metagonia potiguar;CR
118;*;Arachnida;Araneae;Salticidae;Matagaia chromatopus;VU
119;*;Arachnida;Araneae;Salticidae;Neonella noronha;VU
120;;Arachnida;Araneae;Segestriidae;Ariadna aurea;VU
121;;Arachnida;Araneae;Sicariidae;Loxosceles troglobia;VU
122;*;Arachnida;Araneae;Theraphosidae;Dolichothele diamantinensis;EN
123;*;Arachnida;Araneae;Theraphosidae;Pterinopelma sazimai;VU
124;*;Arachnida;Araneae;Theraphosidae;Tmesiphantes hypogeus;CR
125;*;Arachnida;Araneae;Theraphosidae;Typhochlaena curumim;CR
126;*;Arachnida;Araneae;Theraphosidae;Typhochlaena seladonia;EN
127;*;Arachnida;Araneae;Theraphosidae;Ybyrapora diversipes;EN
128;*;Arachnida;Araneae;Theraphosidae;Ybyrapora gamba;CR
129;*;Actinopterygii;Atheriniformes;Atherinopsidae;Odontesthes bicudo;EN
130;;Insecta;Blattodea;Blattellidae;Litoblatta camargoi;EN
131;*;Gastropoda;Caenogastropoda;Hydrobiidae;Potamolithus troglobius;CR
132;*;Gastropoda;Caenogastropoda;Ampullariidae;Pomacea sordida;EN
133;*;Gastropoda;Caenogastropoda;Hydrobiidae;Potamolithus karsticus;CR
134;*;Echinoidea;Camarodonta;Toxopneustidae;Lytechinus variegatus;VU
135;*;Aves;Caprimulgiformes;Caprimulgidae;Hydropsalis candicans;EN
136;;Aves;Caprimulgiformes;Caprimulgidae;Nyctiprogne vielliardi;EN
137;;Chondrichthyes;Carcharhiniformes;Carcharhinidae;Carcharhinus acronotus;VU
138;;Chondrichthyes;Carcharhiniformes;Carcharhinidae;Carcharhinus brevipinna;VU
139;;Chondrichthyes;Carcharhiniformes;Carcharhinidae;Carcharhinus falciformis;CR
140;;Chondrichthyes;Carcharhiniformes;Carcharhinidae;Carcharhinus leucas;VU
141;*;Chondrichthyes;Carcharhiniformes;Carcharhinidae;Carcharhinusgalapagensis;CR
142;*;Chondrichthyes;Carcharhiniformes;Carcharhinidae;Carcharhinuslongimanus;VU
143;*;Chondrichthyes;Carcharhiniformes;Carcharhinidae;Carcharhinusobscurus;EN
144;*;Chondrichthyes;Carcharhiniformes;Carcharhinidae;Carcharhinus perezi;VU
145;*;Chondrichthyes;Carcharhiniformes;Carcharhinidae;Carcharhinusplumbeus;CR
146;*;Chondrichthyes;Carcharhiniformes;Carcharhinidae;Carcharhinusporosus;CR
147;*;Chondrichthyes;Carcharhiniformes;Carcharhinidae;Carcharhinussignatus;EN
148;*;Chondrichthyes;Carcharhiniformes;Carcharhinidae;Isogomphodon oxyrhynchus;CR
149;*;Chondrichthyes;Carcharhiniformes;Carcharhinidae;Negaprion brevirostris;EN
150;*;Chondrichthyes;Carcharhiniformes;Sphyrnidae;Sphyrna lewini;CR
151;*;Chondrichthyes;Carcharhiniformes;Sphyrnidae;Sphyrna media;CR
152;*;Chondrichthyes;Carcharhiniformes;Sphyrnidae;Sphyrna mokarran;CR
153;*;Chondrichthyes;Carcharhiniformes;Sphyrnidae;Sphyrna tiburo;CR
154;*;Chondrichthyes;Carcharhiniformes;Sphyrnidae;Sphyrna tudes;CR
155;*;Chondrichthyes;Carcharhiniformes;Sphyrnidae;Sphyrna zygaena;CR
156;*;Chondrichthyes;Carcharhiniformes;Triakidae;Galeorhinus galeus;CR
157;*;Chondrichthyes;Carcharhiniformes;Triakidae;Mustelus canis;EN
158;*;Chondrichthyes;Carcharhiniformes;Triakidae;Mustelus fasciatus;CR
159;*;Chondrichthyes;Carcharhiniformes;Triakidae;Mustelus schmitti;CR
160;*;Mammalia;Carnivora;Canidae;Atelocynus microtis;VU
161;*;Mammalia;Carnivora;Canidae;Chrysocyon brachyurus;VU
162;*;Mammalia;Carnivora;Canidae;Lycalopex vetulus;VU
163;*;Mammalia;Carnivora;Canidae;Speothos venaticus;VU
164;*;Mammalia;Carnivora;Felidae;Herpailurus yagouaroundi;VU
168;*;Mammalia;Carnivora;Felidae;Herpailurus yagouarondi;VU
169;*;Mammalia;Carnivora;Felidae;Leopardus colocolo;VU
170;*;Mammalia;Carnivora;Felidae;Leopardus geoffroyi;VU
171;*;Mammalia;Carnivora;Felidae;Leopardus guttulus;VU
172;*;Mammalia;Carnivora;Felidae;Leopardus tigrinus;EN
173;*;Mammalia;Carnivora;Felidae;Leopardus wiedii;VU
174;*;Mammalia;Carnivora;Felidae;Panthera onca;VU
175;*;Mammalia;Carnivora;Mustelidae;Pteronura brasiliensis;VU
176;*;Echinoidea;Cassiduloida;Cassidulidae;Cassidulus mitis;EN
177;*;Mammalia;Cetartiodactyla;Cervidae;Blastocerus dichotomus;VU
178;*;Mammalia;Cetartiodactyla;Cervidae;Mazama nana;VU
179;*;Mammalia;Cetartiodactyla;Cervidae;Ozotocerosbezoarticusbezoarticus;VU
180;*;Mammalia;Cetartiodactyla;Tayassuidae;Tayassu pecari;VU
181;*;Mammalia;Cetartiodactyla;Balaenidae;Eubalaena australis;EN
182;*;Mammalia;Cetartiodactyla;Balaenopteridae;Balaenoptera borealis;EN
183;*;Mammalia;Cetartiodactyla;Balaenopteridae;Balaenoptera musculus;CR
184;*;Mammalia;Cetartiodactyla;Balaenopteridae;Balaenoptera physalus;EN
185;*;Mammalia;Cetartiodactyla;Delphinidae;Sotalia guianensis;VU
186;;Mammalia;Cetartiodactyla;Delphinidae;Tursiops gephyreus;EN
187;;Mammalia;Cetartiodactyla;Iniidae;Inia araguaiaensis;VU
188;*;Mammalia;Cetartiodactyla;Iniidae;Inia geoffrensis;EN
189;*;Mammalia;Cetartiodactyla;Physeteridae;Physeter macrocephalus;VU
190;*;Mammalia;Cetartiodactyla;Pontoporiidae;Pontoporia blainvillei;CR
191;*;Actinopterygii;Characiformes;Anostomidae;Hypomasticus thayeri;VU
192;*;Actinopterygii;Characiformes;Anostomidae;Leporinus guttatus;VU
193;*;Actinopterygii;Characiformes;Anostomidae;Leporinus pitingai;CR
194;*;Actinopterygii;Characiformes;Anostomidae;Sartor tucuruiense;EN
195;*;Actinopterygii;Characiformes;Characidae;Astyanax eremus;CR
196;*;Actinopterygii;Characiformes;Characidae;Brycon devillei;EN
197;*;Actinopterygii;Characiformes;Characidae;Brycon gouldingi;EN
198;*;Actinopterygii;Characiformes;Characidae;Brycon insignis;EN
199;*;Actinopterygii;Characiformes;Characidae;Brycon opalinus;VU
200;*;Actinopterygii;Characiformes;Characidae;Brycon orbignyanus;CR
201;*;Actinopterygii;Characiformes;Characidae;Brycon vermelha;EN
202;*;Actinopterygii;Characiformes;Characidae;Bryconamericus lambari;EN
203;*;Actinopterygii;Characiformes;Characidae;Diapoma pyrrhopteryx;EN
204;*;Actinopterygii;Characiformes;Characidae;Hasemania crenuchoides;EN
205;;Actinopterygii;Characiformes;Characidae;Hasemania maxillaris;CR (PEX)
206;;Actinopterygii;Characiformes;Characidae;Hasemania melanura;CR (PEX)
207;*;Actinopterygii;Characiformes;Characidae;Hasemania piatan;EN
208;;Actinopterygii;Characiformes;Characidae;Hasemania uberaba;EN
209;*;Actinopterygii;Characiformes;Characidae;Henochilus wheatlandii;CR
210;*;Actinopterygii;Characiformes;Characidae;Hollandichthys taramandahy;EN
211;*;Actinopterygii;Characiformes;Characidae;Hyphessobrycon duragenys;EN
212;*;Actinopterygii;Characiformes;Characidae;Hyphessobrycon flammeus;EN
214;;Actinopterygii;Characiformes;Characidae;Hyphessobrycon taurocephalus;CR (PEX)
215;*;Actinopterygii;Characiformes;Characidae;Kolpotocheirodon figueiredoi;CR
216;*;Actinopterygii;Characiformes;Characidae;Lepidocharax diamantina;EN
217;*;Actinopterygii;Characiformes;Characidae;Mimagoniates lateralis;VU
218;*;Actinopterygii;Characiformes;Characidae;Mimagoniates sylvicola;EN
219;*;Actinopterygii;Characiformes;Characidae;Rachoviscus crassiceps;EN
220;*;Actinopterygii;Characiformes;Characidae;Rachoviscus graciliceps;EN
221;*;Actinopterygii;Characiformes;Characidae;Rhinopetitia potamorhachia;EN
222;*;Actinopterygii;Characiformes;Characidae;Spintherobolus ankoseion;VU
223;*;Actinopterygii;Characiformes;Characidae;Spintherobolus broccae;EN
224;*;Actinopterygii;Characiformes;Characidae;Spintherobolus leptoura;EN
225;*;Actinopterygii;Characiformes;Characidae;Spintherobolus papilliferus;EN
226;*;Actinopterygii;Characiformes;Characidae;Stygichthys typhlops;EN
227;*;Actinopterygii;Characiformes;Crenuchidae;Characidium grajahuensis;CR
228;*;Actinopterygii;Characiformes;Crenuchidae;Characidium vestigipinne;CR
229;*;Actinopterygii;Characiformes;Crenuchidae;Melanocharacidium nigrum;EN
230;*;Actinopterygii;Characiformes;Cynodontidae;Roestes itupiranga;VU
231;*;Actinopterygii;Characiformes;Lebiasinidae;Lebiasina marilynae;VU
232;*;Actinopterygii;Characiformes;Lebiasinidae;Lebiasina melanoguttata;VU
233;*;Actinopterygii;Characiformes;Lebiasinidae;Lebiasina minuta;VU
234;*;Actinopterygii;Characiformes;Parodontidae;Apareiodon davisi;EN
235;*;Actinopterygii;Characiformes;Prochilodontidae;Prochilodus britskii;EN
236;*;Actinopterygii;Characiformes;Prochilodontidae;Prochilodus vimboides;VU
237;*;Actinopterygii;Characiformes;Serrasalmidae;Mylesinus paucisquamatus;EN
238;*;Actinopterygii;Characiformes;Serrasalmidae;Myloplus tiete;EN
239;*;Actinopterygii;Characiformes;Serrasalmidae;Ossubtus xinguense;VU
240;*;Aves;Charadriiformes;Scolopacidae;Numenius borealis;RE
241;;Aves;Charadriiformes;Burhinidae;Burhinus bistriatus;VU
242;*;Aves;Charadriiformes;Charadriidae;Charadrius wilsonia;VU
243;*;Aves;Charadriiformes;Laridae;Sterna dougallii;VU
244;*;Aves;Charadriiformes;Laridae;Sterna hirundinacea;VU
245;;Aves;Charadriiformes;Laridae;Thalasseus acuflavidus;VU
249;*;Aves;Charadriiformes;Laridae;Thalasseus maximus;EN
250;*;Aves;Charadriiformes;Scolopacidae;Calidris canutus;VU
251;*;Aves;Charadriiformes;Scolopacidae;Calidris pusilla;EN
252;*;Aves;Charadriiformes;Scolopacidae;Calidris subruficollis;VU
253;*;Aves;Charadriiformes;Scolopacidae;Limnodromus griseus;EN
254;;Aves;Charadriiformes;Scolopacidae;Numenius hudsonicus;VU
255;*;Mammalia;Chiroptera;Furipteridae;Furipterus horrens;VU
256;*;Mammalia;Chiroptera;Natalidae;Natalus macrourus;VU
257;;Mammalia;Chiroptera;Phyllostomidae;Lonchophylla bokermanni;VU
258;*;Mammalia;Chiroptera;Phyllostomidae;Lonchophylla dekeyseri;EN
259;*;Mammalia;Cingulata;Dasypodidae;Priodontes maximus;VU
260;*;Mammalia;Cingulata;Dasypodidae;Tolypeutes tricinctus;EN
261;*;Insecta;Coleoptera;Dytiscidae;Copelatus cessaima;EN
262;;Insecta;Coleoptera;Carabidae;Coarazuphium amazonicum;CR
263;*;Insecta;Coleoptera;Carabidae;Coarazuphium caatinga;EN
264;*;Insecta;Coleoptera;Carabidae;Coarazuphium cessaima;EN
265;*;Insecta;Coleoptera;Carabidae;Coarazuphium formoso;CR
266;*;Insecta;Coleoptera;Carabidae;Coarazuphium pains;EN
267;*;Insecta;Coleoptera;Carabidae;Coarazuphium ricardoi;CR
268;;Insecta;Coleoptera;Carabidae;Coarazuphium spinifemur;CR
269;*;Insecta;Coleoptera;Carabidae;Coarazuphium tapiaguassu;EN
270;*;Insecta;Coleoptera;Carabidae;Coarazuphium tessai;CR
271;*;Insecta;Coleoptera;Carabidae;Schizogeniusocellatus;EN
272;*;Insecta;Coleoptera;Ciidae;Ceracis cassumbensis;EN
273;*;Insecta;Coleoptera;Lampyridae;Amydetes bellorum;EN
274;*;Insecta;Coleoptera;Lucanidae;Altitatiayus campoi;VU
275;*;Insecta;Coleoptera;Lucanidae;Altitatiayus dulceae;VU
276;*;Insecta;Coleoptera;Lucanidae;Altitatiayus godinhorum;VU
277;*;Insecta;Coleoptera;Lucanidae;Altitatiayus koikei;VU
278;*;Insecta;Coleoptera;Lucanidae;Altitatiayus rotundatus;VU
279;*;Insecta;Coleoptera;Lucanidae;Altitatiayus ruficollis;VU
280;*;Insecta;Coleoptera;Lucanidae;Altitatiayus trifurcatus;VU
281;*;Insecta;Coleoptera;Lycidae;Cartagonum apiuba;CR
282;*;Insecta;Coleoptera;Lycidae;Lycomorphonbrasiliense;CR
283;*;Insecta;Coleoptera;Scarabaeidae;Ateuchus squalidus;VU
284;*;Insecta;Coleoptera;Scarabaeidae;Canthon corpulentus;VU
285;*;Insecta;Coleoptera;Scarabaeidae;Canthon quadripunctatus;VU
286;*;Insecta;Coleoptera;Scarabaeidae;Dichotomius eucranioides;EN
287;*;Insecta;Coleoptera;Scarabaeidae;Dichotomius mysticus;EN
288;*;Insecta;Coleoptera;Scarabaeidae;Dichotomiusschiffleri;EN
289;*;Insecta;Coleoptera;Scarabaeidae;Pedaridium hirsutum;VU
290;;Insecta;Coleoptera;Staphylinidae;Metopiellus painensis;EN
291;*;Insecta;Coleoptera;Vesperidae;Hypocephalus armatus;VU
292;*;Insecta;Coleoptera;Vesperidae;Hybocephalus armatus;VU
293;*;Collembola;Collembola;Arrhopalitidae;Arrhopalites amorimi;VU
294;;Collembola;Collembola;Arrhopalitidae;Arrhopalites glabrofasciatus;EN
295;;Collembola;Collembola;Entomobryidae;Pseudosinella ambigua;VU
296;;Collembola;Collembola;Entomobryidae;Pseudosinella guanhaensis;CR
297;;Collembola;Collembola;Isotomidae;Archisotoma arariboia;CR
298;*;Collembola;Collembola;Paronellidae;Troglobius brasiliensis;CR
299;*;Collembola;Collembola;Paronellidae;Troglobius ferroicus;CR
300;*;Collembola;Collembola;Paronellidae;Trogolaphysa aelleni;CR
301;*;Collembola;Collembola;Paronellidae;Trogolaphysa alleni;CR
302;*;Collembola;Collembola;Sminthuridae;Pararrhopalites papaveroi;EN
303;;Collembola;Collembola;Sminthuridae;Pararrhopalites sideroicus;CR
304;;Collembola;Collembola;Sminthuridae;Pararrhopalites ubiquum;VU
305;*;Collembola;Collembola;Sminthuridae;Pararrhopalites wallacei;CR
306;*;Aves;Columbiformes;Columbidae;Columbina cyanopis;CR
307;*;Aves;Columbiformes;Columbidae;Paraclaravis geoffroyi;CR (PEX)
308;*;Aves;Coraciiformes;Momotidae;Momotus momota marcgraviana;EN
309;*;Aves;Cuculiformes;Cuculidae;Neomorphus geoffroyi;VU
310;*;Aves;Cuculiformes;Cuculidae;Neomorphus geoffroyi amazonicus;VU
311;*;Aves;Cuculiformes;Cuculidae;Neomorphus geoffroyi dulcis;EN
312;*;Aves;Cuculiformes;Cuculidae;Neomorphus geoffroyi geoffroyi;CR (PEX)
313;*;Aves;Cuculiformes;Cuculidae;Neomorphus squamiger;VU
314;*;Actinopterygii;Cyprinodontiformes;Anablepidae;Jenynsia sanctaecatarinae;EN
315;*;Actinopterygii;Cyprinodontiformes;Poeciliidae;Cnesterodon carnegiei;VU
316;*;Actinopterygii;Cyprinodontiformes;Poeciliidae;Cnesterodon iguape;CR
317;*;Actinopterygii;Cyprinodontiformes;Poeciliidae;Cnesterodonomorgmatos;CR
318;*;Actinopterygii;Cyprinodontiformes;Poeciliidae;Pamphorichthys pertapeh;CR
319;*;Actinopterygii;Cyprinodontiformes;Poeciliidae;Phalloptychus eigenmanni;CR
320;*;Actinopterygii;Cyprinodontiformes;Poeciliidae;Phallotorynus fasciolatus;CR (PEX)
321;*;Actinopterygii;Cyprinodontiformes;Rivulidae;Anablepsoides cearensis;CR
322;*;Actinopterygii;Cyprinodontiformes;Rivulidae;Atlantirivulus lazzarotoi;CR
323;*;Actinopterygii;Cyprinodontiformes;Rivulidae;Atlantirivulus maricensis;CR
324;*;Actinopterygii;Cyprinodontiformes;Rivulidae;Atlantirivulus nudiventris;CR
325;*;Actinopterygii;Cyprinodontiformes;Rivulidae;Atlantirivulus simplicis;EN
326;*;Actinopterygii;Cyprinodontiformes;Rivulidae;Austrolebias adloffi;EN
327;*;Actinopterygii;Cyprinodontiformes;Rivulidae;Austrolebias alexandri;EN
328;*;Actinopterygii;Cyprinodontiformes;Rivulidae;Austrolebias arachan;VU
329;;Actinopterygii;Cyprinodontiformes;Rivulidae;Austrolebias araucarianus;VU
330;;Actinopterygii;Cyprinodontiformes;Rivulidae;Austrolebias bagual;CR
331;;Actinopterygii;Cyprinodontiformes;Rivulidae;Austrolebias camaquensis;EN
332;*;Actinopterygii;Cyprinodontiformes;Rivulidae;Austrolebias carvalhoi;CR
333;*;Actinopterygii;Cyprinodontiformes;Rivulidae;Austrolebias cheradophilus;CR
334;*;Actinopterygii;Cyprinodontiformes;Rivulidae;Austrolebias cinereus;CR
335;*;Actinopterygii;Cyprinodontiformes;Rivulidae;Austrolebias cyaneus;EN
336;;Actinopterygii;Cyprinodontiformes;Rivulidae;Austrolebias ephemerus;EN
337;*;Actinopterygii;Cyprinodontiformes;Rivulidae;Austrolebias ibicuiensis;EN
338;*;Actinopterygii;Cyprinodontiformes;Rivulidae;Austrolebias jaegari;CR
339;*;Actinopterygii;Cyprinodontiformes;Rivulidae;Austrolebias litzi;VU
340;*;Actinopterygii;Cyprinodontiformes;Rivulidae;Austrolebias nachtigalli;VU
341;*;Actinopterygii;Cyprinodontiformes;Rivulidae;Austrolebias nigrofasciatus;EN
342;*;Actinopterygii;Cyprinodontiformes;Rivulidae;Austrolebias paucisquama;VU
343;;Actinopterygii;Cyprinodontiformes;Rivulidae;Austrolebias pelotapes;CR
344;;Actinopterygii;Cyprinodontiformes;Rivulidae;Austrolebias pongondo;EN
345;;Actinopterygii;Cyprinodontiformes;Rivulidae;Austrolebias quirogai;CR
346;*;Actinopterygii;Cyprinodontiformes;Rivulidae;Austrolebias univentripinnis;CR
347;*;Actinopterygii;Cyprinodontiformes;Rivulidae;Austrolebias varzeae;CR
348;*;Actinopterygii;Cyprinodontiformes;Rivulidae;Campellolebiasbrucei;CR
349;*;Actinopterygii;Cyprinodontiformes;Rivulidae;Campellolebias chrysolineatus;CR
350;*;Actinopterygii;Cyprinodontiformes;Rivulidae;Campellolebiasdorsimaculatus;CR
351;*;Actinopterygii;Cyprinodontiformes;Rivulidae;Campellolebiasintermedius;CR
352;;Actinopterygii;Cyprinodontiformes;Rivulidae;Cynolebias akroa;VU
353;;Actinopterygii;Cyprinodontiformes;Rivulidae;Cynolebias elegans;CR
354;;Actinopterygii;Cyprinodontiformes;Rivulidae;Cynolebias gorutuba;EN
355;*;Actinopterygii;Cyprinodontiformes;Rivulidae;Cynolebias griseus;EN
356;*;Actinopterygii;Cyprinodontiformes;Rivulidae;Cynolebiasleptocephalus;EN
357;;Actinopterygii;Cyprinodontiformes;Rivulidae;Cynolebiasparnaibensis;CR
358;;Actinopterygii;Cyprinodontiformes;Rivulidae;Cynopoecilusfeltrini;VU
359;*;Actinopterygii;Cyprinodontiformes;Rivulidae;Cynopoecilusintimus;VU
360;*;Actinopterygii;Cyprinodontiformes;Rivulidae;Hypsolebiasadornatus;CR
361;*;Actinopterygii;Cyprinodontiformes;Rivulidae;Hypsolebiasalternatus;EN
362;*;Actinopterygii;Cyprinodontiformes;Rivulidae;Hypsolebias auratus;CR
363;*;Actinopterygii;Cyprinodontiformes;Rivulidae;Hypsolebias brunoi;VU
364;*;Actinopterygii;Cyprinodontiformes;Rivulidae;Hypsolebias carlettoi;EN
365;;Actinopterygii;Cyprinodontiformes;Rivulidae;Hypsolebias delucai;VU
366;;Actinopterygii;Cyprinodontiformes;Rivulidae;Hypsolebias faouri;VU
367;*;Actinopterygii;Cyprinodontiformes;Rivulidae;Hypsolebiasfasciatus;VU
368;*;Actinopterygii;Cyprinodontiformes;Rivulidae;Hypsolebiasflammeus;EN
369;*;Actinopterygii;Cyprinodontiformes;Rivulidae;Hypsolebiasflavicaudatus;EN
370;*;Actinopterygii;Cyprinodontiformes;Rivulidae;Hypsolebiasfulminantis;CR
371;;Actinopterygii;Cyprinodontiformes;Rivulidae;Hypsolebiasgardneri;EN
372;*;Actinopterygii;Cyprinodontiformes;Rivulidae;Hypsolebiasghisolfii;EN
373;*;Actinopterygii;Cyprinodontiformes;Rivulidae;Hypsolebiasgibberatus;VU
374;;Actinopterygii;Cyprinodontiformes;Rivulidae;Hypsolebiasgilbertobrasili;CR
375;*;Actinopterygii;Cyprinodontiformes;Rivulidae;Hypsolebiasguanambi;VU
376;;Actinopterygii;Cyprinodontiformes;Rivulidae;Hypsolebiashamadryades;CR
377;*;Actinopterygii;Cyprinodontiformes;Rivulidae;Hypsolebiasharmonicus;VU
378;*;Actinopterygii;Cyprinodontiformes;Rivulidae;Hypsolebias hellneri;EN
379;*;Actinopterygii;Cyprinodontiformes;Rivulidae;Hypsolebias igneus;EN
380;*;Actinopterygii;Cyprinodontiformes;Rivulidae;Hypsolebiasjanaubensis;CR
381;*;Actinopterygii;Cyprinodontiformes;Rivulidae;Hypsolebiaslongignatus;VU
382;*;Actinopterygii;Cyprinodontiformes;Rivulidae;Hypsolebias lopesi;CR
383;*;Actinopterygii;Cyprinodontiformes;Rivulidae;Hypsolebias macaubensis;EN
384;*;Actinopterygii;Cyprinodontiformes;Rivulidae;Hypsolebias magnificus;EN
385;*;Actinopterygii;Cyprinodontiformes;Rivulidae;Hypsolebias marginatus;CR (PEX)
386;*;Actinopterygii;Cyprinodontiformes;Rivulidae;Hypsolebias mediopapillatus;VU
387;*;Actinopterygii;Cyprinodontiformes;Rivulidae;Hypsolebias multiradiatus;CR
388;*;Actinopterygii;Cyprinodontiformes;Rivulidae;Hypsolebias nielseni;EN
389;*;Actinopterygii;Cyprinodontiformes;Rivulidae;Hypsolebias notatus;EN
390;;Actinopterygii;Cyprinodontiformes;Rivulidae;Hypsolebiasnudiorbitatus;VU
391;*;Actinopterygii;Cyprinodontiformes;Rivulidae;Hypsolebiaspicturatus;EN
392;;Actinopterygii;Cyprinodontiformes;Rivulidae;Hypsolebias radiseriatus;EN
393;*;Actinopterygii;Cyprinodontiformes;Rivulidae;Hypsolebias rufus;CR
394;;Actinopterygii;Cyprinodontiformes;Rivulidae;Hypsolebiasshibattai;VU
395;;Actinopterygii;Cyprinodontiformes;Rivulidae;Hypsolebiassplendissimus;VU
396;*;Actinopterygii;Cyprinodontiformes;Rivulidae;Hypsolebiasstellatus;EN
397;*;Actinopterygii;Cyprinodontiformes;Rivulidae;Hypsolebias tocantinensis;CR
398;*;Actinopterygii;Cyprinodontiformes;Rivulidae;Hypsolebias trilineatus;CR
399;*;Actinopterygii;Cyprinodontiformes;Rivulidae;Hypsolebias virgulatus;CR
400;*;Actinopterygii;Cyprinodontiformes;Rivulidae;Kryptolebias brasiliensis;EN
401;*;Actinopterygii;Cyprinodontiformes;Rivulidae;Kryptolebias campelloi;CR
402;*;Actinopterygii;Cyprinodontiformes;Rivulidae;Kryptolebias gracilis;CR
403;*;Actinopterygii;Cyprinodontiformes;Rivulidae;Leptolebias marmoratus;CR
404;*;Actinopterygii;Cyprinodontiformes;Rivulidae;Leptopanchax citrinipinnis;CR
405;*;Actinopterygii;Cyprinodontiformes;Rivulidae;Leptopanchaxitanhaensis;CR
406;*;Actinopterygii;Cyprinodontiformes;Rivulidae;Leptopanchaxopalescens;CR
407;*;Actinopterygii;Cyprinodontiformes;Rivulidae;Leptopanchaxsplendens;CR
408;*;Actinopterygii;Cyprinodontiformes;Rivulidae;Maratecoara formosa;VU
409;*;Actinopterygii;Cyprinodontiformes;Rivulidae;Maratecoara splendida;VU
410;*;Actinopterygii;Cyprinodontiformes;Rivulidae;Melanorivulus crixas;VU
411;*;Actinopterygii;Cyprinodontiformes;Rivulidae;Melanorivulus illuminatus;VU
412;*;Actinopterygii;Cyprinodontiformes;Rivulidae;Melanorivulus karaja;VU
413;*;Actinopterygii;Cyprinodontiformes;Rivulidae;Melanorivulus kayapo;VU
414;*;Actinopterygii;Cyprinodontiformes;Rivulidae;Melanorivulus kunzei;VU
415;*;Actinopterygii;Cyprinodontiformes;Rivulidae;Melanorivulus pinima;EN
416;*;Actinopterygii;Cyprinodontiformes;Rivulidae;Melanorivulus rubromarginatus;VU
417;*;Actinopterygii;Cyprinodontiformes;Rivulidae;Melanorivulus rutilicaudus;VU
418;*;Actinopterygii;Cyprinodontiformes;Rivulidae;Melanorivulus salmonicaudus;VU
419;*;Actinopterygii;Cyprinodontiformes;Rivulidae;Melanorivulus scalaris;EN
420;*;Actinopterygii;Cyprinodontiformes;Rivulidae;Melanorivulus ubirajarai;VU
421;*;Actinopterygii;Cyprinodontiformes;Rivulidae;Melanorivulus vittatus;EN
422;*;Actinopterygii;Cyprinodontiformes;Rivulidae;Moema piriana;CR (PEX)
423;*;Actinopterygii;Cyprinodontiformes;Rivulidae;Nematolebias catimbau;CR
424;*;Actinopterygii;Cyprinodontiformes;Rivulidae;Nematolebias papilliferus;CR
425;*;Actinopterygii;Cyprinodontiformes;Rivulidae;Nematolebias whitei;CR
426;*;Actinopterygii;Cyprinodontiformes;Rivulidae;Notholebias cruzi;CR
427;*;Actinopterygii;Cyprinodontiformes;Rivulidae;Notholebias fractifasciatus;CR
428;*;Actinopterygii;Cyprinodontiformes;Rivulidae;Notholebias minimus;EN
429;*;Actinopterygii;Cyprinodontiformes;Rivulidae;Notholebias vermiculatus;CR
430;*;Actinopterygii;Cyprinodontiformes;Rivulidae;Ophthalmolebiasbokermanni;CR
431;*;Actinopterygii;Cyprinodontiformes;Rivulidae;Ophthalmolebias constanciae;CR
432;*;Actinopterygii;Cyprinodontiformes;Rivulidae;Ophthalmolebiasilheusensis;EN
433;*;Actinopterygii;Cyprinodontiformes;Rivulidae;Ophthalmolebiasperpendicularis;CR
434;*;Actinopterygii;Cyprinodontiformes;Rivulidae;Ophthalmolebias rosaceus;CR
435;*;Actinopterygii;Cyprinodontiformes;Rivulidae;Ophthalmolebiassuzarti;VU
436;*;Actinopterygii;Cyprinodontiformes;Rivulidae;Pituna brevirostrata;CR
437;*;Actinopterygii;Cyprinodontiformes;Rivulidae;Pituna xinguensis;CR
438;*;Actinopterygii;Cyprinodontiformes;Rivulidae;Plesiolebias canabravensis;VU
439;*;Actinopterygii;Cyprinodontiformes;Rivulidae;Plesiolebias xavantei;EN
440;*;Actinopterygii;Cyprinodontiformes;Rivulidae;Simpsonichthysboitonei;CR
441;*;Actinopterygii;Cyprinodontiformes;Rivulidae;Simpsonichthys cholopteryx;EN
442;;Actinopterygii;Cyprinodontiformes;Rivulidae;Simpsonichthys espinhacensis;EN
443;*;Actinopterygii;Cyprinodontiformes;Rivulidae;Simpsonichthysnigromaculatus;VU
444;*;Actinopterygii;Cyprinodontiformes;Rivulidae;Simpsonichthysparallelus;EN
445;*;Actinopterygii;Cyprinodontiformes;Rivulidae;Simpsonichthyspunctulatus;CR
446;*;Actinopterygii;Cyprinodontiformes;Rivulidae;Simpsonichthyssantanae;EN
447;*;Actinopterygii;Cyprinodontiformes;Rivulidae;Simpsonichthys zonatus;CR (PEX)
448;*;Actinopterygii;Cyprinodontiformes;Rivulidae;Spectrolebias reticulatus;CR
449;*;Actinopterygii;Cyprinodontiformes;Rivulidae;Trigonectesstrigabundus;EN
450;*;Actinopterygii;Cyprinodontiformes;Rivulidae;Xenurolebias myersi;EN
451;*;Malacostraca;Decapoda;Aeglidae;Aegla brevipalma;CR
452;*;Malacostraca;Decapoda;Aeglidae;Aegla camargoi;EN
453;*;Malacostraca;Decapoda;Aeglidae;Aegla cavernicola;CR
454;;Malacostraca;Decapoda;Aeglidae;Aegla charon;CR
455;*;Malacostraca;Decapoda;Aeglidae;Aegla franca;CR
456;*;Malacostraca;Decapoda;Aeglidae;Aegla inconspicua;VU
457;*;Malacostraca;Decapoda;Aeglidae;Aegla inermis;EN
458;*;Malacostraca;Decapoda;Aeglidae;Aegla itacolomiensis;EN
459;*;Malacostraca;Decapoda;Aeglidae;Aegla leachi;EN
460;*;Malacostraca;Decapoda;Aeglidae;Aegla leptochela;CR
461;*;Malacostraca;Decapoda;Aeglidae;Aegla leptodactyla;VU
462;*;Malacostraca;Decapoda;Aeglidae;Aegla manuinflata;EN
463;*;Malacostraca;Decapoda;Aeglidae;Aegla microphthalma;CR
464;*;Malacostraca;Decapoda;Aeglidae;Aegla oblata;EN
465;*;Malacostraca;Decapoda;Aeglidae;Aegla obstipa;EN
466;*;Malacostraca;Decapoda;Aeglidae;Aegla perobae;CR
467;*;Malacostraca;Decapoda;Aeglidae;Aegla renana;CR
468;*;Malacostraca;Decapoda;Aeglidae;Aegla violacea;EN
469;*;Malacostraca;Decapoda;Gecarcinidae;Cardisoma guanhumi;VU
470;*;Malacostraca;Decapoda;Gecarcinidae;Johngarthia lagostoma;EN
471;;Diplura;Diplura;Campodeidae;Oncinocampa trajanoae;CR
472;*;Actinopterygii;Elopiformes;Megalopidae;Megalops atlanticus;VU
473;*;Enteropneusta;Enteropneusta;Spengelidae;Willeya loya;CR
474;;Collembola;Entomobryomorpha;Entomobryidae;Seira arenicola;EN
475;;Collembola;Entomobryomorpha;Entomobryidae;Seira mataraquensis;EN
476;;Collembola;Entomobryomorpha;Entomobryidae;Seira musarum;VU
477;;Collembola;Entomobryomorpha;Entomobryidae;Seirapseudoannulata;EN
478;;Collembola;Entomobryomorpha;Isotomidae;Archisotoma catiae;CR
479;;Collembola;Entomobryomorpha;Isotomidae;Arlea arenicola;CR
480;;Collembola;Entomobryomorpha;Isotomidae;Arlea psammophila;CR
481;*;Collembola;Entomobryomorpha;Isotomidae;Isotomiella uai;VU
482;;Collembola;Entomobryomorpha;Isotomidae;Isotomodes cariocus;CR
483;;Collembola;Entomobryomorpha;Isotomidae;Isotomurus riparius;CR
484;;Collembola;Entomobryomorpha;Isotomidae;Paracerura gandarela;VU
485;;Collembola;Entomobryomorpha;Isotomidae;Psammisotoma restingae;CR
486;*;Insecta;Ephemeroptera;Baetidae;Adebrotus lugoi;VU
487;;Insecta;Ephemeroptera;Baetidae;Camelobaetidius juparana;VU
488;*;Insecta;Ephemeroptera;Baetidae;Camelobaetidius maranhensis;VU
489;*;Insecta;Ephemeroptera;Baetidae;Camelobaetidius spinosus;VU
490;*;Insecta;Ephemeroptera;Leptophlebiidae;Hermanella amere;EN
491;*;Insecta;Ephemeroptera;Leptophlebiidae;Hermanella nigra;VU
492;;Insecta;Ephemeroptera;Leptophlebiidae;Simothraulopsis eurybasis;VU
493;*;Polychaeta;Eunicida;Eunicidae;Eunice sebastiani;EN
494;*;Polychaeta;Eunicida;Onuphidae;Diopatra cuprea;VU
495;*;Udeonychophora;Euonychophora;Peripatidae;Epiperipatus adenocryptus;CR
496;*;Udeonychophora;Euonychophora;Peripatidae;Epiperipatus diadenoproctus;VU
497;*;Udeonychophora;Euonychophora;Peripatidae;Epiperipatus ohausi;EN
498;*;Udeonychophora;Euonychophora;Peripatidae;Epiperipatus paurognostus;CR
499;*;Asteroidea;Forcipulatida;Asteriidae;Coscinasterias tenuispina;VU
500;;Aves;Galbuliformes;Bucconidae;Malacoptila minor;VU
501;*;Aves;Galbuliformes;Bucconidae;Monasa morphoeus morphoeus;EN
502;;Aves;Galliformes;Cracidae;Aburria cujubi;VU
503;*;Aves;Galliformes;Cracidae;Aburria jacutinga;EN
504;*;Aves;Galliformes;Cracidae;Crax blumenbachii;EN
505;*;Aves;Galliformes;Cracidae;Crax fasciolata pinima;CR
506;*;Aves;Galliformes;Cracidae;Crax globulosa;EN
507;*;Aves;Galliformes;Cracidae;Ortalis remota;CR
508;*;Aves;Galliformes;Cracidae;Pauxi mitu;EW
509;*;Aves;Galliformes;Cracidae;Penelope jacucaca;VU
510;*;Aves;Galliformes;Cracidae;Penelope pileata;VU
511;*;Aves;Galliformes;Cracidae;Penelope superciliaris alagoensis;CR
512;*;Aves;Galliformes;Odontophoridae;Odontophoruscapueira plumbeicollis;CR
513;*;Diplopoda;Glomeridesmida;Glomerodesmidae;Glomeridesmus spelaeus;EN
514;*;Aves;Gruiformes;Psophiidae;Psophia dextralis;VU
515;*;Aves;Gruiformes;Psophiidae;Psophia interjecta;EN
516;*;Aves;Gruiformes;Psophiidae;Psophia obscura;CR
517;;Aves;Gruiformes;Psophiidae;Psophia viridis;VU
518;*;Aves;Gruiformes;Rallidae;Laterallusspilopterus;EN
519;;Aves;Gruiformes;Rallidae;Laterallus xenopterus;EN
520;*;Gastropoda;Gymnomorpha;Veronicellidae;Phyllocaulis renschi;CR
521;*;Actinopterygii;Gymnotiformes;Apteronotidae;Sternarchella curvioperculata;EN
522;*;Actinopterygii;Gymnotiformes;Apteronotidae;Sternarchogiton zuanoni;EN
523;*;Actinopterygii;Gymnotiformes;Apteronotidae;Sternarchorhynchusbritskii;EN
524;*;Actinopterygii;Gymnotiformes;Apteronotidae;Sternarchorhynchuscaboclo;VU
525;*;Actinopterygii;Gymnotiformes;Apteronotidae;Sternarchorhynchushiguchii;CR
526;*;Actinopterygii;Gymnotiformes;Apteronotidae;Sternarchorhynchusinpai;VU
527;*;Actinopterygii;Gymnotiformes;Apteronotidae;Sternarchorhynchusjaimei;CR
528;*;Actinopterygii;Gymnotiformes;Apteronotidae;Sternarchorhynchuskokraimoro;EN
529;*;Actinopterygii;Gymnotiformes;Apteronotidae;Sternarchorhynchusmareikeae;VU
530;*;Actinopterygii;Gymnotiformes;Apteronotidae;Sternarchorhynchusseverii;VU
531;*;Actinopterygii;Gymnotiformes;Apteronotidae;Sternarchorhynchusvillasboasi;EN
532;*;Actinopterygii;Gymnotiformes;Apteronotidae;Tembeassu marauna;CR
533;;Actinopterygii;Gymnotiformes;Sternopygidae;Archolaemus ferreirai;VU
534;;Actinopterygii;Gymnotiformes;Sternopygidae;Archolaemus santosi;VU
535;*;Actinopterygii;Gymnotiformes;Sternopygidae;Eigenmannia vicentespelaea;VU
536;*;Oligochaeta;Haplotaxida;Glossoscolecidae;Fimoscolexsporadochaetus;EN
537;;Insecta;Hemiptera;Cixiidae;Ferricixius davidi;CR
538;;Insecta;Hemiptera;Kinnaridae;Iuiuia caeca;VU
539;;Insecta;Hemiptera;Kinnaridae;Kinnapotiguara troglobia;VU
540;*;Chondrichthyes;Hexanchiformes;Hexanchidae;Notorynchus cepedianus;CR
541;*;Insecta;Hymenoptera;Andrenidae;Arhysosage cactorum;VU
542;*;Insecta;Hymenoptera;Apidae;Melipona capixaba;EN
543;*;Insecta;Hymenoptera;Apidae;Melipona rufiventris;EN
544;*;Insecta;Hymenoptera;Apidae;Melipona scutellaris;EN
545;*;Insecta;Hymenoptera;Apidae;Partamona littoralis;EN
546;*;Insecta;Hymenoptera;Formicidae;Atta robusta;VU
547;*;Insecta;Hymenoptera;Formicidae;Brachymyrmex micromegas;VU
548;*;Insecta;Hymenoptera;Formicidae;Diaphoromyrmasofiae;EN
549;*;Insecta;Hymenoptera;Formicidae;Dinoponera lucida;EN
550;*;Insecta;Hymenoptera;Formicidae;Fulakora cleae;CR
551;*;Insecta;Hymenoptera;Formicidae;Gnamptogenys wilsoni;EN
552;*;Insecta;Hymenoptera;Formicidae;Monomorium delabiei;VU
553;*;Insecta;Hymenoptera;Formicidae;Mycetagroicus urbanus;CR
554;*;Insecta;Hymenoptera;Formicidae;Mycetomoellerius atlanticus;VU
555;*;Insecta;Hymenoptera;Formicidae;Mycetophylax simplex;VU
556;*;Insecta;Hymenoptera;Formicidae;Rhopalothrix plaumanni;EN
557;;Malacostraca;Isopoda;Brasileirinidae;Brasileirinho cavaticus;CR
558;;Malacostraca;Isopoda;Calabozoidae;Pongycarcinia xiphidiourus;EN
559;;Malacostraca;Isopoda;Pudeoniscidae;Iansaoniscus georginae;CR
560;;Malacostraca;Isopoda;Pudeoniscidae;Iansaoniscus iraquara;CR
561;;Malacostraca;Isopoda;Scleropactidae;Amazoniscus leistikowi;CR
562;;Malacostraca;Isopoda;Scleropactidae;Circoniscus buckupi;CR
563;;Malacostraca;Isopoda;Scleropactidae;Circoniscus carajasensis;EN
564;;Malacostraca;Isopoda;Styloniscidae;Iuiuniscus iuiuensis;VU
565;;Malacostraca;Isopoda;Styloniscidae;Spelunconiscus castroi;CR
566;;Malacostraca;Isopoda;Styloniscidae;Xangoniscus aganju;EN
567;;Malacostraca;Isopoda;Styloniscidae;Xangoniscus itacarambiensis;CR
568;;Malacostraca;Isopoda;Styloniscidae;Xangoniscus odara;EN
569;;Chondrichthyes;Lamniformes;Lamnidae;Isurus oxyrinchus;CR
570;*;Chondrichthyes;Lamniformes;Alopiidae;Alopias superciliosus;EN
571;*;Chondrichthyes;Lamniformes;Alopiidae;Alopias vulpinus;CR
572;*;Chondrichthyes;Lamniformes;Cetorhinidae;Cetorhinus maximus;CR
573;*;Chondrichthyes;Lamniformes;Lamnidae;Carcharodon carcharias;VU
574;*;Chondrichthyes;Lamniformes;Odontaspididae;Carcharias taurus;CR
575;*;Insecta;Lepidoptera;Crambidae;Parapoynx restingalis;VU
576;*;Insecta;Lepidoptera;Hesperiidae;Drephalys miersi;EN
577;*;Insecta;Lepidoptera;Hesperiidae;Drephalys mourei;CR
578;*;Insecta;Lepidoptera;Hesperiidae;Olafia roscius iphimedia;VU
579;*;Insecta;Lepidoptera;Hesperiidae;Parelbella polyzona;EN
580;*;Insecta;Lepidoptera;Hesperiidae;Pseudocroniades machaon seabrai;CR
581;*;Insecta;Lepidoptera;Hesperiidae;Turmosa camposa;EN
582;*;Insecta;Lepidoptera;Hesperiidae;Zonia zonia diabo;EN
583;*;Insecta;Lepidoptera;Lycaenidae;Arawacus aethesa;EN
584;*;Insecta;Lepidoptera;Lycaenidae;Magnastigma julia;EN
585;*;Insecta;Lepidoptera;Lycaenidae;Strymon ohausi;EN
586;*;Insecta;Lepidoptera;Nymphalidae;Actinote quadra;VU
587;*;Insecta;Lepidoptera;Nymphalidae;Actinote zikani;CR
588;;Insecta;Lepidoptera;Nymphalidae;Adelpha atlantica;EN
589;*;Insecta;Lepidoptera;Nymphalidae;Dasyophthalmia geraensis;CR
590;*;Insecta;Lepidoptera;Nymphalidae;Dasyophthalma rusina delanira;EN
591;*;Insecta;Lepidoptera;Nymphalidae;Dasyophthalma vertebralis;CR (PEX)
592;*;Insecta;Lepidoptera;Nymphalidae;Doxocopa zalmunna;CR (PEX)
593;*;Insecta;Lepidoptera;Nymphalidae;Episcada vitrea;EN
594;*;Insecta;Lepidoptera;Nymphalidae;Eresia erysice erysice;CR
595;*;Insecta;Lepidoptera;Nymphalidae;Euptychia boulleti;CR
596;;Insecta;Lepidoptera;Nymphalidae;Forsterinariaitatiaia;VU
597;*;Insecta;Lepidoptera;Nymphalidae;Hamadryas velutina browni;EN
598;*;Insecta;Lepidoptera;Nymphalidae;Heliconius nattereri;EN
599;*;Insecta;Lepidoptera;Nymphalidae;Hyalyris fiammetta;CR (PEX)
600;*;Insecta;Lepidoptera;Nymphalidae;Mcclungia cymo fallens;CR
601;*;Insecta;Lepidoptera;Nymphalidae;Melinaea mnasias thera;CR
602;*;Insecta;Lepidoptera;Nymphalidae;Morpho epistrophus nikolajewna;CR
603;*;Insecta;Lepidoptera;Nymphalidae;Morpho menelaus eberti;CR
604;*;Insecta;Lepidoptera;Nymphalidae;Napeogenes rhezia rhezia;CR
605;*;Insecta;Lepidoptera;Nymphalidae;Orobrassolisornamentalis;CR
606;*;Insecta;Lepidoptera;Nymphalidae;Pampasatyrusglaucope boenninghauseni;EN
607;;Insecta;Lepidoptera;Nymphalidae;Pampasatyrus glaucope eberti;VU
608;*;Insecta;Lepidoptera;Nymphalidae;Pampasatyrus glaucope glaucope;EN
609;*;Insecta;Lepidoptera;Nymphalidae;Pampasatyrus gyrtone;EN
610;;Insecta;Lepidoptera;Nymphalidae;Pampasatyrus reticulata gagarini;EN
611;*;Insecta;Lepidoptera;Nymphalidae;Paulogramma hydarnis;EN
612;*;Insecta;Lepidoptera;Nymphalidae;Polygrapha suprema;EN
613;;Insecta;Lepidoptera;Nymphalidae;Praepedaliodes sequeirae;CR
614;*;Insecta;Lepidoptera;Nymphalidae;Prepona deiphile;VU
615;*;Insecta;Lepidoptera;Nymphalidae;Scada karschina delicata;CR
616;*;Insecta;Lepidoptera;Nymphalidae;Tithorea harmonia caissara;VU
617;;Insecta;Lepidoptera;Nymphalidae;Yphthimoides iserhardi;EN
618;*;Insecta;Lepidoptera;Papilionidae;Heraclides himeros baia;EN
619;*;Insecta;Lepidoptera;Papilionidae;Heraclides himeros himeros;EN
620;*;Insecta;Lepidoptera;Papilionidae;Mimoides lysithous harrisianus;CR
621;*;Insecta;Lepidoptera;Papilionidae;Mimoides lysithous sebastianus;VU
622;*;Insecta;Lepidoptera;Papilionidae;Parides ascanius;EN
623;*;Insecta;Lepidoptera;Papilionidae;Parides bunichus chamissonia;CR
624;*;Insecta;Lepidoptera;Papilionidae;Parides burchellanus;CR
625;*;Insecta;Lepidoptera;Papilionidae;Parides klagesi;CR
626;*;Insecta;Lepidoptera;Papilionidae;Parides panthonus castilhoi;CR
627;*;Insecta;Lepidoptera;Papilionidae;Parides tros danunciae;EN
628;*;Insecta;Lepidoptera;Pieridae;Charonias theano;EN
629;*;Insecta;Lepidoptera;Pieridae;Cunizza hirlanda fulvinota;VU
630;*;Insecta;Lepidoptera;Pieridae;Cunizza hirlanda planasia;VU
631;*;Insecta;Lepidoptera;Pieridae;Glennia pylotis;EN
632;*;Insecta;Lepidoptera;Pieridae;Moschoneura pinthous methymna;VU
633;*;Insecta;Lepidoptera;Pieridae;Perrhybris pamela flava;EN
634;*;Insecta;Lepidoptera;Riodinidae;Joiceya praeclarus;CR
635;*;Insecta;Lepidoptera;Riodinidae;Panara ovifera;VU
636;*;Insecta;Lepidoptera;Riodinidae;Petrocerus catiena;EN
637;*;Insecta;Lepidoptera;Riodinidae;Rhetus belphegor;CR
638;*;Insecta;Lepidoptera;Riodinidae;Voltinia sanarita;EN
639;*;Insecta;Lepidoptera;Saturniidae;Dirphia monticola;VU
640;*;Insecta;Lepidoptera;Sphingidae;Nyceryx mielkei;CR
641;*;Gastropoda;Littorinimorpha;Pomatiopsidae;Spiripockiapunctata;CR
642;*;Gastropoda;Littorinimorpha;Strombidae;Eustrombus goliath;VU
643;*;Gastropoda;Littorinimorpha;Strombidae;Lobatus costatus;VU
644;*;Gastropoda;Littorinimorpha;Vermetidae;Petaloconchus myrakeenae;VU
645;*;Aves;Nyctibiiformes;Nyctibiidae;Nyctibius aethereus aethereus;EN
646;*;Aves;Nyctibiiformes;Nyctibiidae;Nyctibius leucopterus;CR
647;*;Insecta;Odonata;Aeshnidae;Castoraeschna januaria;VU
648;*;Insecta;Odonata;Aeshnidae;Rhionaeschna eduardoi;EN
649;*;Insecta;Odonata;Coenagrionidae;Homeoura lindneri;VU
650;*;Insecta;Odonata;Coenagrionidae;Leptagrion acutum;CR
651;*;Insecta;Odonata;Coenagrionidae;Leptagrion bocainense;VU
652;*;Insecta;Odonata;Coenagrionidae;Leptagrion capixabae;VU
653;*;Insecta;Odonata;Coenagrionidae;Leptagrion porrectum;EN
654;*;Insecta;Odonata;Coenagrionidae;Leptagrion vriesianum;VU
655;*;Insecta;Odonata;Gomphidae;Phyllocycla bartica;VU
656;*;Insecta;Odonata;Libellulidae;Elasmothemis schubarti;EN
657;*;Insecta;Odonata;Libellulidae;Macrothemis tessellata;VU
658;*;Insecta;Odonata;Libellulidae;Micrathyria borgmeieri;VU
659;*;Insecta;Odonata;Libellulidae;Micrathyria divergens;VU
660;*;Insecta;Odonata;Megapodagrionidae;Heteragrion petiense;EN
661;*;Insecta;Odonata;Pseudostigmatidae;Mecistogaster pronoti;CR (PEX)
662;*;Actinopterygii;Ophidiiformes;Ophidiidae;Ophidion holbrookii;CR
663;;Actinopterygii;Ophidiiformes;Ophidiidae;Otophidium chickcharney;CR (PEX)
664;*;Arachnida;Opiliones;Cryptogeobiidae;Spinopilar moria;CR
665;*;Arachnida;Opiliones;Escadabiidae;Spaeleoleptesspaeleus;EN
666;;Arachnida;Opiliones;Gerdesiidae;Gonycranaus pluto;VU
667;;Arachnida;Opiliones;Gonyleptidae;Discocyrtuspedrosoi;VU
668;*;Arachnida;Opiliones;Gonyleptidae;Eusarcus elinae;EN
669;*;Arachnida;Opiliones;Gonyleptidae;Giupponia chagasi;EN
670;*;Arachnida;Opiliones;Gonyleptidae;Iandumoema setimapocu;VU
671;;Arachnida;Opiliones;Gonyleptidae;Iandumoema smeagol;EN
672;*;Arachnida;Opiliones;Gonyleptidae;Iandumoema uai;CR
673;*;Arachnida;Opiliones;Gonyleptidae;Pachylospeleus strinatii;CR
674;;Arachnida;Opiliones;Kimulidae;Relictopiolus galadriel;CR
675;*;Chondrichthyes;Orectolobiformes;Ginglymostomatidae;Ginglymostoma cirratum;VU
676;*;Chondrichthyes;Orectolobiformes;Rhincodontidae;Rhincodon typus;VU
677;;Insecta;Orthoptera;Phalangopsidae;Endecous apterus;EN
678;;Insecta;Orthoptera;Phalangopsidae;Endecousperuassuensis;EN
679;*;Bivalvia;Ostreoida;Pectinidae;Euvola ziczac;EN
680;;Arachnida;Palpigradi;Eukoeneniidae;Eukoenenia cavatica;CR
681;;Arachnida;Palpigradi;Eukoeneniidae;Eukoenenia eywa;EN
682;;Arachnida;Palpigradi;Eukoeneniidae;Eukoeneniajequitinhonha;CR
683;*;Arachnida;Palpigradi;Eukoeneniidae;Eukoenenia maquinensis;VU
684;;Arachnida;Palpigradi;Eukoeneniidae;Eukoenenia navi;CR
685;;Arachnida;Palpigradi;Eukoeneniidae;Eukoenenia neytiri;EN
686;*;Arachnida;Palpigradi;Eukoeneniidae;Eukoenenia potiguar;VU
687;*;Arachnida;Palpigradi;Eukoeneniidae;Eukoenenia sagarana;CR
688;*;Arachnida;Palpigradi;Eukoeneniidae;Eukoenenia spelunca;CR
689;*;Arachnida;Palpigradi;Eukoeneniidae;Eukoenenia virgemdalapa;CR
690;*;Arachnida;Palpigradi;Eukoeneniidae;Leptokoeneniapelada;CR
691;*;Arachnida;Palpigradi;Eukoeneniidae;Leptokoenenia thalassophobica;EN
692;*;Aves;Passeriformes;Furnariidae;Cichlocolaptes mazarbarnetti;EX
693;*;Aves;Passeriformes;Furnariidae;Philydor novaesi;EX
694;*;Aves;Passeriformes;Icteridae;Leistes defilippii;RE
695;;Aves;Passeriformes;Cardinalidae;Granatellus pelzelni paraensis;VU
696;*;Aves;Passeriformes;Conopophagidae;Conopophaga cearae;EN
697;*;Aves;Passeriformes;Conopophagidae;Conopophaga lineata lineata;VU
698;*;Aves;Passeriformes;Corvidae;Cyanocorax hafferi;VU
699;*;Aves;Passeriformes;Cotingidae;Cotinga maculata;EN
700;*;Aves;Passeriformes;Cotingidae;Lipaugus conditus;VU
701;*;Aves;Passeriformes;Cotingidae;Procnias albus wallacei;VU
702;*;Aves;Passeriformes;Cotingidae;Xipholena atropurpurea;VU
703;;Aves;Passeriformes;Cotingidae;Xipholena lamellipennis;VU
704;*;Aves;Passeriformes;Dendrocolaptidae;Campylorhamphus cardosoi;VU
705;*;Aves;Passeriformes;Dendrocolaptidae;Campylorhamphusmultostriatus;VU
706;*;Aves;Passeriformes;Dendrocolaptidae;Campylorhamphus trochilirostris trochilirostris;VU
707;*;Aves;Passeriformes;Dendrocolaptidae;Dendrexetastes rufigula paraensis;VU
708;*;Aves;Passeriformes;Dendrocolaptidae;Dendrocincla merula badia;VU
709;*;Aves;Passeriformes;Dendrocolaptidae;Dendrocincla taunayi;EN
710;*;Aves;Passeriformes;Dendrocolaptidae;Dendrocolaptes medius;VU
711;*;Aves;Passeriformes;Dendrocolaptidae;Dendrocolaptes retentus;VU
712;*;Aves;Passeriformes;Dendrocolaptidae;Dendrocolaptes transfasciatus;VU
713;*;Aves;Passeriformes;Dendrocolaptidae;Hylexetastes brigidai;VU
714;;Aves;Passeriformes;Dendrocolaptidae;Hylexetastes uniformis;VU
715;*;Aves;Passeriformes;Dendrocolaptidae;Xiphocolaptes carajaensis;VU
716;*;Aves;Passeriformes;Dendrocolaptidae;Xiphocolaptes falcirostris;VU
719;*;Aves;Passeriformes;Dendrocolaptidae;Xiphorhynchusatlanticus;VU
720;*;Aves;Passeriformes;Dendrocolaptidae;Xiphorhynchusguttatoidesgracilirostris;EN
721;*;Aves;Passeriformes;Formicariidae;Chamaeza nobilis fulvipectus;VU
722;*;Aves;Passeriformes;Fringillidae;Spinus yarrellii;VU
723;*;Aves;Passeriformes;Furnariidae;Acrobatornis fonsecai;VU
724;;Aves;Passeriformes;Furnariidae;Anabazenops dorsalis;VU
725;*;Aves;Passeriformes;Furnariidae;Asthenes hudsoni;VU
726;;Aves;Passeriformes;Furnariidae;Asthenes luizae;EN
727;*;Aves;Passeriformes;Furnariidae;Automolus lammi;EN
728;*;Aves;Passeriformes;Furnariidae;Cinclodes espinhacensis;EN
729;*;Aves;Passeriformes;Furnariidae;Coryphistera alaudina;CR
732;*;Aves;Passeriformes;Furnariidae;Leptasthenura platensis;CR
733;*;Aves;Passeriformes;Furnariidae;Pseudoseisura lophotes;VU
734;*;Aves;Passeriformes;Furnariidae;Synallaxis infuscata;EN
735;*;Aves;Passeriformes;Furnariidae;Synallaxis kollari;VU
736;;Aves;Passeriformes;Furnariidae;Syndactyla ucayalae;VU
737;*;Aves;Passeriformes;Furnariidae;Thripophaga macroura;VU
738;*;Aves;Passeriformes;Grallariidae;Grallaria varia distincta;VU
739;*;Aves;Passeriformes;Grallariidae;Grallaria varia intercedens;EN
740;*;Aves;Passeriformes;Grallariidae;Hylopezus paraensis;VU
741;;Aves;Passeriformes;Grallariidae;Hylopezus whittakeri;VU
742;*;Aves;Passeriformes;Icteridae;Anumara forbesi;VU
743;;Aves;Passeriformes;Icteridae;Cacicus koepckeae;VU
744;*;Aves;Passeriformes;Icteridae;Xanthopsar flavus;VU
745;*;Aves;Passeriformes;Motacillidae;Anthus nattereri;VU
746;;Aves;Passeriformes;Onychorhynchidae;Onychorhynchusswainsoni;VU
747;;Aves;Passeriformes;Oxyruncidae;Oxyruncus cristatus tocantinsi;VU
748;*;Aves;Passeriformes;Passerellidae;Arremonops conirostris;EN
749;*;Aves;Passeriformes;Pipridae;Antilophia bokermanni;CR
750;*;Aves;Passeriformes;Pipridae;Lepidothrix iris;EN
751;*;Aves;Passeriformes;Pipridae;Lepidothrix iris iris;EN
752;*;Aves;Passeriformes;Pipridae;Lepidothrix vilasboasi;EN
753;*;Aves;Passeriformes;Pipridae;Neopelma aurifrons;EN
754;*;Aves;Passeriformes;Platyrinchidae;Calyptura cristata;CR (PEX)
755;;Aves;Passeriformes;Platyrinchidae;Platyrinchus leucoryphus;VU
756;*;Aves;Passeriformes;Platyrinchidae;Platyrinchus mystaceus niveigularis;VU
757;*;Aves;Passeriformes;Rhinocryptidae;Eleoscytalopus psychopompus;EN
758;*;Aves;Passeriformes;Rhinocryptidae;Merulaxis stresemanni;CR
759;*;Aves;Passeriformes;Rhinocryptidae;Scytalopus diamantinensis;EN
760;*;Aves;Passeriformes;Rhinocryptidae;Scytalopus gonzagai;EN
761;*;Aves;Passeriformes;Rhinocryptidae;Scytalopus iraiensis;EN
762;*;Aves;Passeriformes;Rhinocryptidae;Scytalopus novacapitalis;EN
763;;Aves;Passeriformes;Rhynchocyclidae;Cnipodectessuperrufus;VU
764;*;Aves;Passeriformes;Rhynchocyclidae;Hemitriccus kaempferi;VU
765;*;Aves;Passeriformes;Rhynchocyclidae;Hemitriccus mirandae;EN
766;*;Aves;Passeriformes;Rhynchocyclidae;Phylloscartes beckeri;EN
767;*;Aves;Passeriformes;Rhynchocyclidae;Phylloscartes ceciliae;CR
768;*;Aves;Passeriformes;Rhynchocyclidae;Phylloscartes roquettei;EN
769;;Aves;Passeriformes;Rhynchocyclidae;Poecilotriccus albifacies;VU
770;*;Aves;Passeriformes;Scleruridae;Geositta poeciloptera;VU
771;*;Aves;Passeriformes;Scleruridae;Sclerurus caudacutus caligineus;CR
772;*;Aves;Passeriformes;Scleruridae;Sclerurus caudacutus umbretta;CR
773;*;Aves;Passeriformes;Scleruridae;Sclerurus cearensis;EN
774;*;Aves;Passeriformes;Scleruridae;Sclerurus macconnelli bahiae;EN
775;;Aves;Passeriformes;Thamnophilidae;Clytoctantes atrogularis;VU
776;*;Aves;Passeriformes;Thamnophilidae;Dysithamnus plumbeus;EN
777;;Aves;Passeriformes;Thamnophilidae;Epinecrophylladentei;VU
778;*;Aves;Passeriformes;Thamnophilidae;Formicivoraacutirostris;VU
779;*;Aves;Passeriformes;Thamnophilidae;Formicivora erythronotos;CR
780;*;Aves;Passeriformes;Thamnophilidae;Formicivora grantsaui;EN
781;*;Aves;Passeriformes;Thamnophilidae;Formicivora littoralis;EN
782;*;Aves;Passeriformes;Thamnophilidae;Formicivorapaludicola;CR
783;;Aves;Passeriformes;Thamnophilidae;Hypocnemishypoxanthaochraceiventris;VU
784;*;Aves;Passeriformes;Thamnophilidae;Hypocnemis ochrogyna;VU
785;;Aves;Passeriformes;Thamnophilidae;Hypocnemis striata;VU
786;*;Aves;Passeriformes;Thamnophilidae;Myrmoderus ruficauda;EN
787;*;Aves;Passeriformes;Thamnophilidae;Myrmotherula fluminensis;CR (PEX)
788;*;Aves;Passeriformes;Thamnophilidae;Myrmotherula minor;VU
789;;Aves;Passeriformes;Thamnophilidae;Myrmotherula oreni;VU
790;*;Aves;Passeriformes;Thamnophilidae;Myrmotherula snowi;CR
791;*;Aves;Passeriformes;Thamnophilidae;Myrmotherula urosticta;VU
792;;Aves;Passeriformes;Thamnophilidae;Phlegopsis borbae;VU
793;*;Aves;Passeriformes;Thamnophilidae;Phlegopsis nigromaculata confinis;VU
794;*;Aves;Passeriformes;Thamnophilidae;Phlegopsis nigromaculata paraensis;VU
795;*;Aves;Passeriformes;Thamnophilidae;Pyriglena atra;EN
796;*;Aves;Passeriformes;Thamnophilidae;Pyriglena pernambucensis;VU
797;*;Aves;Passeriformes;Thamnophilidae;Rhegmatorhina gymnops;VU
798;;Aves;Passeriformes;Thamnophilidae;Rhegmatorhina hoffmannsi;VU
799;*;Aves;Passeriformes;Thamnophilidae;Rhopornis ardesiacus;EN
800;*;Aves;Passeriformes;Thamnophilidae;Terenura sicki;CR
801;*;Aves;Passeriformes;Thamnophilidae;Thamnomanes caesius caesius;VU
802;*;Aves;Passeriformes;Thamnophilidae;Thamnophilusaethiops distans;EN
803;*;Aves;Passeriformes;Thamnophilidae;Thamnophilus caerulescens cearensis;VU
804;*;Aves;Passeriformes;Thamnophilidae;Thamnophiluscaerulescens pernambucensis;VU
805;;Aves;Passeriformes;Thamnophilidae;Thamnophilusnigrocinereus huberi;VU
806;*;Aves;Passeriformes;Thamnophilidae;Thamnophilusnigrocinereus tschudii;EN
807;*;Aves;Passeriformes;Thraupidae;Conothraupis mesoleuca;EN
808;*;Aves;Passeriformes;Thraupidae;Coryphaspiza melanotis;VU
809;*;Aves;Passeriformes;Thraupidae;Gubernatrix cristata;CR
810;*;Aves;Passeriformes;Thraupidae;Nemosia rourei;CR
811;*;Aves;Passeriformes;Thraupidae;Sporophila beltoni;VU
812;*;Aves;Passeriformes;Thraupidae;Sporophila falcirostris;VU
813;*;Aves;Passeriformes;Thraupidae;Sporophila frontalis;VU
814;*;Aves;Passeriformes;Thraupidae;Sporophila hypoxantha;VU
815;*;Aves;Passeriformes;Thraupidae;Sporophila maximiliani;CR
816;*;Aves;Passeriformes;Thraupidae;Sporophila melanogaster;VU
817;*;Aves;Passeriformes;Thraupidae;Sporophila nigrorufa;VU
818;*;Aves;Passeriformes;Thraupidae;Sporophila palustris;VU
819;*;Aves;Passeriformes;Thraupidae;Sporophila ruficollis;VU
820;*;Aves;Passeriformes;Thraupidae;Tangara cyanocephala cearensis;VU
821;*;Aves;Passeriformes;Thraupidae;Tangara fastuosa;VU
822;*;Aves;Passeriformes;Thraupidae;Tangara velia signata;VU
823;*;Aves;Passeriformes;Tityridae;Iodopleura pipra;EN
824;*;Aves;Passeriformes;Tityridae;Iodopleura pipra leucopygia;EN
825;*;Aves;Passeriformes;Tityridae;Iodopleura pipra pipra;EN
826;;Aves;Passeriformes;Tityridae;Laniisoma elegans;EN
827;*;Aves;Passeriformes;Tityridae;Schiffornis turdina intermedia;VU
828;;Aves;Passeriformes;Troglodytidae;Cyphorhinusgriseolateralis;VU
829;*;Aves;Passeriformes;Turdidae;Cichlopsis leucogenys;EN
834;*;Aves;Passeriformes;Tyrannidae;Alectrurus tricolor;VU
835;*;Aves;Passeriformes;Tyrannidae;Attila spadiceus uropygiatus;EN
836;;Aves;Passeriformes;Tyrannidae;Contopus nigrescens;VU
837;*;Aves;Passeriformes;Tyrannidae;Elaenia ridleyana;VU
838;;Aves;Passeriformes;Tyrannidae;Knipolegus franciscanus;VU
839;;Aves;Passeriformes;Tyrannidae;Phyllomyias reiseri;EN
840;*;Aves;Passeriformes;Tyrannidae;Serpophaga hypoleuca pallida;VU
841;*;Aves;Passeriformes;Tyrannidae;Stigmatura napensis napensis;VU
842;*;Aves;Passeriformes;Tyrannidae;Xolmis dominicanus;VU
843;*;Aves;Passeriformes;Vireonidae;Vireo gracilirostris;VU
844;*;Aves;Passeriformes;Xenopidae;Xenops minutus alagoanus;VU
845;*;Asteroidea;Paxillosida;Astropectinidae;Astropecten articulatus;VU
846;*;Asteroidea;Paxillosida;Astropectinidae;Astropecten brasiliensis;VU
847;*;Asteroidea;Paxillosida;Astropectinidae;Astropecten marginatus;VU
848;*;Asteroidea;Paxillosida;Luidiidae;Luidia senegalensis;VU
849;*;Aves;Pelecaniformes;Ardeidae;Tigrisoma fasciatum;VU
850;*;Actinopterygii;Perciformes;Chaetodontidae;Prognathodes obliquus;VU
851;*;Actinopterygii;Perciformes;Cichlidae;Crenicichla cyclostoma;CR
852;*;Actinopterygii;Perciformes;Cichlidae;Crenicichla empheres;VU
853;*;Actinopterygii;Perciformes;Cichlidae;Crenicichlahadrostigma;VU
854;*;Actinopterygii;Perciformes;Cichlidae;Crenicichla heckeli;VU
855;*;Actinopterygii;Perciformes;Cichlidae;Crenicichla jegui;EN
856;*;Actinopterygii;Perciformes;Cichlidae;Crenicichlajupiaensis;EN
857;*;Actinopterygii;Perciformes;Cichlidae;Crenicichla urosema;EN
858;*;Actinopterygii;Perciformes;Cichlidae;Teleocichla centisquama;EN
859;*;Actinopterygii;Perciformes;Cichlidae;Teleocichla cinderella;EN
860;*;Actinopterygii;Perciformes;Cichlidae;Teleocichlaprionogenys;VU
861;*;Actinopterygii;Perciformes;Cichlidae;Teleocichla wajapi;EN
862;*;Atheriniformes;Perciformes;Epinephelidae;Epinephelus itajara;CR
863;*;Atheriniformes;Perciformes;Epinephelidae;Epinephelus marginatus;VU
864;*;Atheriniformes;Perciformes;Epinephelidae;Epinephelus morio;VU
865;*;Actinopterygii;Perciformes;Gobiidae;Elacatinus figaro;VU
866;*;Actinopterygii;Perciformes;Istiophoridae;Kajikia albida;VU
867;*;Actinopterygii;Perciformes;Istiophoridae;Makaira nigricans;EN
868;*;Actinopterygii;Perciformes;Labridae;Halichoeres rubrovirens;VU
869;*;Actinopterygii;Perciformes;Labrisomidae;Malacoctenus brunoi;VU
870;*;Actinopterygii;Perciformes;Lutjanidae;Lutjanus cyanopterus;VU
871;*;Actinopterygii;Perciformes;Lutjanidae;Lutjanus purpureus;VU
872;*;Actinopterygii;Perciformes;Malacanthidae;Lopholatilus villarii;VU
873;*;Actinopterygii;Perciformes;Microdesmidae;Cerdale fasciata;EN
874;*;Actinopterygii;Perciformes;Polyprionidae;Polyprion americanus;CR
875;*;Actinopterygii;Perciformes;Pomacentridae;Microspathodon chrysurus;VU
876;*;Actinopterygii;Perciformes;Pomacentridae;Stegastes rocasensis;VU
877;*;Actinopterygii;Perciformes;Pomacentridae;Stegastessanctipauli;VU
878;*;Actinopterygii;Perciformes;Pomacentridae;Stegastes trindadensis;VU
879;*;Actinopterygii;Perciformes;Scaridae;Scarus trispinosus;EN
880;*;Actinopterygii;Perciformes;Scaridae;Scarus zelindae;VU
881;*;Actinopterygii;Perciformes;Scaridae;Sparisoma axillare;VU
882;*;Actinopterygii;Perciformes;Scaridae;Sparisoma frondosum;VU
883;*;Actinopterygii;Perciformes;Scaridae;Sparisoma rocha;VU
884;*;Actinopterygii;Perciformes;Sciaenidae;Pogonias cromis;EN
885;*;Actinopterygii;Perciformes;Scombridae;Thunnus thynnus;EN
886;*;Actinopterygii;Perciformes;Serranidae;Choranthiassalmopunctatus;VU
887;*;Actinopterygii;Perciformes;Serranidae;Hyporthodusnigritus;EN
888;*;Actinopterygii;Perciformes;Serranidae;Hyporthodusniveatus;VU
889;*;Actinopterygii;Perciformes;Serranidae;Mycteroperca bonaci;VU
890;*;Actinopterygii;Perciformes;Serranidae;Mycteroperca interstitialis;VU
891;*;Actinopterygii;Perciformes;Tripterygiidae;Enneanectes smithi;VU
892;*;Mammalia;Perissodactyla;Tapiridae;Tapirus terrestris;VU
893;*;Aves;Phaethontiformes;Phaethontidae;Phaethon aethereus;EN
894;*;Aves;Phaethontiformes;Phaethontidae;Phaethon lepturus;EN
895;*;Aves;Piciformes;Capitonidae;Capito dayi;VU
896;*;Aves;Piciformes;Picidae;Celeus flavus subflavus;CR
897;*;Aves;Piciformes;Picidae;Celeus galeatus;EN
898;*;Aves;Piciformes;Picidae;Celeus obrieni;VU
899;*;Aves;Piciformes;Picidae;Celeus torquatus pieteroyensi;VU
900;*;Aves;Piciformes;Picidae;Celeus torquatus tinnunculus;EN
901;*;Aves;Piciformes;Picidae;Piculus paraensis;VU
902;*;Aves;Piciformes;Picidae;Piculus polyzonus;EN
903;*;Aves;Piciformes;Ramphastidae;Pteroglossus bitorquatus bitorquatus;VU
904;*;Aves;Piciformes;Ramphastidae;Selenideragouldii baturitensis;EN
905;*;Mammalia;Pilosa;Bradypodidae;Bradypus torquatus;VU
906;*;Mammalia;Pilosa;Myrmecophagidae;Myrmecophaga tridactyla;VU
907;*;Actinopterygii;Pleuronectiformes;Achiridae;Achirus mucuri;VU
908;;Collembola;Poduromorpha;Brachystomellidae;Maricaella duna;CR
909;*;Collembola;Poduromorpha;Hypogastruridae;Acherontides eleonorae;VU
910;;Collembola;Poduromorpha;Neanuridae;Aethiopella littoralis;CR
911;;Collembola;Poduromorpha;Neanuridae;Arlesia intermedia;CR
912;;Collembola;Poduromorpha;Neanuridae;Hyleanura mendoncae;VU
913;;Collembola;Poduromorpha;Neanuridae;Micranurida fluminensis;CR
914;;Collembola;Poduromorpha;Onychiuridae;Agraphorura mariapetrae;CR
915;;Collembola;Poduromorpha;Tullbergiidae;Mesaphorura maricaensis;CR
916;*;Demospongea;Poecilosclerida;Latrunculiidae;Latrunculiajaneirensis;VU
917;*;Diplopoda;Polydesmida;Chelodesmidae;Dioplosternus salvatrix;VU
918;*;Diplopoda;Polydesmida;Chelodesmidae;Leodesmus yporangae;EN
919;*;Diplopoda;Polydesmida;Chelodesmidae;Odontopeltis giganteus;VU
920;*;Diplopoda;Polydesmida;Chelodesmidae;Sandalodesmus stramineus;VU
921;*;Diplopoda;Polydesmida;Cryptodesmidae;Peridontodesmella alba;VU
922;;Diplopoda;Polydesmida;Dobrodesmidae;Dobrodesmus mirabilis;CR
923;*;Mammalia;Primates;Atelidae;Alouatta belzebul;VU
924;*;Mammalia;Primates;Atelidae;Alouatta discolor;VU
925;*;Mammalia;Primates;Atelidae;Alouatta guariba clamitans;VU
926;*;Mammalia;Primates;Atelidae;Alouatta guariba guariba;CR
927;*;Mammalia;Primates;Atelidae;Alouatta ululata;EN
928;*;Mammalia;Primates;Atelidae;Ateles belzebuth;VU
929;*;Mammalia;Primates;Atelidae;Ateles chamek;VU
930;*;Mammalia;Primates;Atelidae;Ateles marginatus;EN
931;*;Mammalia;Primates;Atelidae;Brachyteles arachnoides;EN
932;*;Mammalia;Primates;Atelidae;Brachyteles hypoxanthus;CR
933;*;Mammalia;Primates;Atelidae;Lagothrix lagothricha cana;EN
934;*;Mammalia;Primates;Atelidae;Lagothrixlagothrichalagothricha;VU
935;*;Mammalia;Primates;Atelidae;Lagothrixlagothricha poeppigii;VU
936;*;Mammalia;Primates;Callitrichidae;Callithrix aurita;EN
937;*;Mammalia;Primates;Callitrichidae;Callithrix flaviceps;EN
938;*;Mammalia;Primates;Callitrichidae;Leontopithecus caissara;EN
939;*;Mammalia;Primates;Callitrichidae;Leontopithecus chrysomelas;EN
940;*;Mammalia;Primates;Callitrichidae;Leontopithecus chrysopygus;EN
941;*;Mammalia;Primates;Callitrichidae;Leontopithecus rosalia;EN
942;*;Mammalia;Primates;Callitrichidae;Mico rondoni;VU
943;*;Mammalia;Primates;Callitrichidae;Saguinus bicolor;CR
944;*;Mammalia;Primates;Callitrichidae;Saguinus niger;VU
945;*;Mammalia;Primates;Cebidae;Cebus kaapori;CR
946;*;Mammalia;Primates;Cebidae;Saimiri vanzolinii;VU
947;*;Mammalia;Primates;Cebidae;Sapajus cay;VU
948;*;Mammalia;Primates;Cebidae;Sapajus flavius;EN
949;*;Mammalia;Primates;Cebidae;Sapajus robustus;EN
950;*;Mammalia;Primates;Cebidae;Sapajus xanthosternos;EN
951;*;Mammalia;Primates;Pitheciidae;Cacajao hosomi;EN
952;*;Mammalia;Primates;Pitheciidae;Callicebus barbarabrownae;CR
953;*;Mammalia;Primates;Pitheciidae;Callicebus coimbrai;EN
954;*;Mammalia;Primates;Pitheciidae;Callicebus melanochir;VU
955;*;Mammalia;Primates;Pitheciidae;Callicebus personatus;VU
957;*;Mammalia;Primates;Pitheciidae;Chiropotes satanas;CR
958;*;Mammalia;Primates;Pitheciidae;Chiropotes utahickae;VU
959;*;Chondrichthyes;Pristiformes;Pristidae;Pristis pectinata;CR (PEX)
960;*;Chondrichthyes;Pristiformes;Pristidae;Pristis pristis;CR
961;*;Aves;Procellariiformes;Diomedeidae;Diomedea dabbenena;CR
962;*;Aves;Procellariiformes;Diomedeidae;Diomedea epomophora;VU
963;*;Aves;Procellariiformes;Diomedeidae;Diomedea exulans;CR
964;*;Aves;Procellariiformes;Diomedeidae;Diomedea sanfordi;EN
965;*;Aves;Procellariiformes;Diomedeidae;Thalassarche chlororhynchos;EN
966;*;Aves;Procellariiformes;Procellariidae;Procellaria aequinoctialis;VU
967;*;Aves;Procellariiformes;Procellariidae;Procellaria conspicillata;VU
968;*;Aves;Procellariiformes;Procellariidae;Pterodroma arminjoniana;CR
969;*;Aves;Procellariiformes;Procellariidae;Pterodroma deserta;VU
970;*;Aves;Procellariiformes;Procellariidae;Pterodroma incerta;EN
971;*;Aves;Procellariiformes;Procellariidae;Pterodroma madeira;EN
972;*;Aves;Procellariiformes;Procellariidae;Puffinus lherminieri;CR
973;*;Arachnida;Pseudoscorpiones;Bochicidae;Spelaeobochica allodentatus;EN
974;*;Arachnida;Pseudoscorpiones;Bochicidae;Spelaeobochica iuiu;EN
975;*;Arachnida;Pseudoscorpiones;Bochicidae;Spelaeobochica muchmorei;CR
976;*;Arachnida;Pseudoscorpiones;Chernetidae;Maxchernes iporangae;CR
977;*;Arachnida;Pseudoscorpiones;Chernetidae;Spelaeochernes gracilipalpus;EN
978;*;Arachnida;Pseudoscorpiones;Chthoniidae;Pseudochthonius biseriatus;EN
979;*;Arachnida;Pseudoscorpiones;Ideoroncidae;Ideoroncus cavicola;EN
980;*;Arachnida;Pseudoscorpiones;Olpiidae;Progarypus nigrimanus;CR
981;*;Aves;Psittaciformes;Psittacidae;Anodorhynchus glaucus;RE
982;*;Aves;Psittaciformes;Psittacidae;Amazona pretrei;VU
983;*;Aves;Psittaciformes;Psittacidae;Amazona rhodocorytha;VU
984;*;Aves;Psittaciformes;Psittacidae;Amazona vinacea;VU
985;*;Aves;Psittaciformes;Psittacidae;Anodorhynchus leari;EN
986;*;Aves;Psittaciformes;Psittacidae;Aratinga solstitialis;EN
987;*;Aves;Psittaciformes;Psittacidae;Cyanopsitta spixii;CR
988;*;Aves;Psittaciformes;Psittacidae;Guaruba guarouba;VU
989;*;Aves;Psittaciformes;Psittacidae;Pionus reichenowi;VU
990;*;Aves;Psittaciformes;Psittacidae;Pyrilia vulturina;VU
991;;Aves;Psittaciformes;Psittacidae;Pyrrhura amazonum;VU
992;;Aves;Psittaciformes;Psittacidae;Pyrrhura anerythra;VU
993;*;Aves;Psittaciformes;Psittacidae;Pyrrhura coerulescens;VU
994;*;Aves;Psittaciformes;Psittacidae;Pyrrhura cruentata;VU
995;*;Aves;Psittaciformes;Psittacidae;Pyrrhura griseipectus;EN
996;*;Aves;Psittaciformes;Psittacidae;Pyrrhura leucotis;VU
997;;Aves;Psittaciformes;Psittacidae;Pyrrhura molinae;VU
998;;Aves;Psittaciformes;Psittacidae;Pyrrhura pallescens;VU
999;;Aves;Psittaciformes;Psittacidae;Pyrrhura perlata;VU
1000;*;Aves;Psittaciformes;Psittacidae;Pyrrhura pfrimeri;EN
1001;*;Aves;Psittaciformes;Psittacidae;Touit melanonotus;VU
1002;*;Aves;Psittaciformes;Psittacidae;Touit surdus;VU
1003;*;Gastropoda;Pulmonata;Streptaxidae;Hypselartemonalveus;VU
1004;*;Gastropoda;Pulmonata;Bulimulidae;Thaumastus lundi;CR
1005;*;Gastropoda;Pulmonata;Lymnaeidae;Lymnaea rupestris;VU
1006;*;Gastropoda;Pulmonata;Odontostomidae;Macrodontesdautzenbergianus;VU
1007;*;Gastropoda;Pulmonata;Physidae;Physa marmorata;VU
1008;*;Gastropoda;Pulmonata;Planorbidae;Plesiophysa dolichomastix;CR
1009;*;Gastropoda;Pulmonata;Succineidae;Succinea lopesi;EN
1010;*;Chondrichthyes;Rajiformes;Dasyatidae;Bathytoshia centroura;CR
1011;*;Chondrichthyes;Rajiformes;Dasyatidae;Fontitrygon colarensis;VU
1012;;Chondrichthyes;Rajiformes;Dasyatidae;Hypanus americanus;VU
1013;;Chondrichthyes;Rajiformes;Dasyatidae;Hypanus marianae;VU
1014;*;Chondrichthyes;Rajiformes;Gymnuridae;Gymnura altavela;CR
1015;*;Chondrichthyes;Rajiformes;Myliobatidae;Manta birostris;VU
1016;*;Chondrichthyes;Rajiformes;Myliobatidae;Mobula mobular;VU
1017;*;Chondrichthyes;Rajiformes;Myliobatidae;Mobula tarapacana;VU
1018;*;Chondrichthyes;Rajiformes;Myliobatidae;Mobula thurstoni;VU
1019;*;Chondrichthyes;Rajiformes;Myliobatidae;Myliobatis freminvillei;EN
1020;*;Chondrichthyes;Rajiformes;Myliobatidae;Myliobatis goodei;CR
1021;*;Chondrichthyes;Rajiformes;Myliobatidae;Myliobatis ridens;CR
1022;*;Chondrichthyes;Rajiformes;Myliobatidae;Rhinoptera brasiliensis;CR
1023;*;Chondrichthyes;Rajiformes;Potamotrygonidae;Paratrygon aiereba;CR
1024;*;Chondrichthyes;Rajiformes;Rajidae;Atlantoraja castelnaui;EN
1025;;Chondrichthyes;Rajiformes;Rajidae;Atlantoraja cyclophora;VU
1026;*;Chondrichthyes;Rajiformes;Rajidae;Rioraja agassizii;VU
1027;*;Chondrichthyes;Rajiformes;Rajidae;Sympterygia acuta;EN
1028;*;Chondrichthyes;Rajiformes;Rajidae;Sympterygiabonapartii;EN
1029;*;Chondrichthyes;Rajiformes;Rhinobatidae;Pseudobatos horkelii;CR
1030;;Chondrichthyes;Rajiformes;Rhinobatidae;Pseudobatos percellens;VU
1031;*;Chondrichthyes;Rajiformes;Rhinobatidae;Zapteryxbrevirostris;VU
1032;;Chondrichthyes;Rajiformes;Urolophidae;Urotrygon microphthalmum;VU
1033;*;Mammalia;Rodentia;Cricetidae;Noronhomys vespuccii;EX
1034;*;Mammalia;Rodentia;Caviidae;Cavia intermedia;CR
1035;*;Mammalia;Rodentia;Caviidae;Kerodon acrobata;VU
1036;*;Mammalia;Rodentia;Caviidae;Kerodon rupestris;VU
1037;*;Mammalia;Rodentia;Cricetidae;Akodon mystax;VU
1038;*;Mammalia;Rodentia;Cricetidae;Cerradomys goytaca;EN
1039;*;Mammalia;Rodentia;Cricetidae;Euryoryzomys lamia;EN
1040;*;Mammalia;Rodentia;Cricetidae;Gyldenstolpia planaltensis;EN
1041;*;Mammalia;Rodentia;Cricetidae;Juscelinomys candango;CR (PEX)
1042;*;Mammalia;Rodentia;Cricetidae;Microakodontomys transitorius;EN
1043;*;Mammalia;Rodentia;Cricetidae;Oligoryzomys rupestris;EN
1044;*;Mammalia;Rodentia;Cricetidae;Rhipidomys cariri;VU
1045;*;Mammalia;Rodentia;Cricetidae;Rhipidomys tribei;EN
1046;*;Mammalia;Rodentia;Cricetidae;Thalpomys cerradensis;VU
1047;*;Mammalia;Rodentia;Cricetidae;Thalpomys lasiotis;EN
1048;*;Mammalia;Rodentia;Cricetidae;Wilfredomys oenax;EN
1049;*;Mammalia;Rodentia;Ctenomyidae;Ctenomys bicolor;EN
1050;*;Mammalia;Rodentia;Ctenomyidae;Ctenomys flamarioni;EN
1051;*;Mammalia;Rodentia;Ctenomyidae;Ctenomys lami;EN
1052;*;Mammalia;Rodentia;Ctenomyidae;Ctenomys minutus;VU
1053;*;Mammalia;Rodentia;Echimyidae;Callistomys pictus;EN
1054;*;Mammalia;Rodentia;Echimyidae;Phyllomys brasiliensis;EN
1055;*;Mammalia;Rodentia;Echimyidae;Phyllomys lundi;EN
1056;*;Mammalia;Rodentia;Echimyidae;Phyllomys thomasi;EN
1057;*;Mammalia;Rodentia;Echimyidae;Phyllomys unicolor;CR
1058;*;Mammalia;Rodentia;Echimyidae;Trinomys eliasi;VU
1059;*;Mammalia;Rodentia;Echimyidae;Trinomys mirapitanga;EN
1060;*;Mammalia;Rodentia;Echimyidae;Trinomys moojeni;EN
1061;*;Mammalia;Rodentia;Echimyidae;Trinomys yonenagae;EN
1062;*;Mammalia;Rodentia;Erethizontidae;Chaetomys subspinosus;VU
1063;*;Mammalia;Rodentia;Erethizontidae;Coendou speratus;EN
1064;*;Arachnida;Schizomida;Hubbardiidae;Rowlandius ubajara;CR
1065;*;Anthozoa;Scleractinia;Mussidae;Mussismilia braziliensis;VU
1066;*;Anthozoa;Scleractinia;Mussidae;Mussismilia harttii;EN
1067;*;Chilopoda;Scolopendromorpha;Cryptopidae;Cryptopsiporangensis;EN
1068;*;Chilopoda;Scolopendromorpha;Cryptopidae;Cryptopsspelaeoraptor;CR
1069;*;Chilopoda;Scolopendromorpha;Scolopendridae;Scolopendropsisduplicata;CR
1070;;Chilopoda;Scolopendromorpha;Scolopocryptopidae;Newportia potiguar;VU
1071;;Chilopoda;Scolopendromorpha;Scolopocryptopidae;Newportia spelaea;CR
1072;;Chilopoda;Scolopendromorpha;Scolopocryptopidae;Scolopocryptopstroglocaudatus;EN
1073;*;Actinopterygii;Scorpaeniformes;Scorpaenidae;Scorpaenodesinsularis;VU
1074;*;Arachnida;Scorpiones;Buthidae;Ananteris infuscata;EN
1075;*;Arachnida;Scorpiones;Buthidae;Troglorhopalurus translucidus;EN
1076;*;Arachnida;Scorpiones;Chactidae;Hadrurochactas araripe;CR
1077;*;Arachnida;Scorpiones;Chactidae;Hadrurochactas brejo;CR
1078;*;Actinopterygii;Siluriformes;Ariidae;Genidens barbus;EN
1079;*;Actinopterygii;Siluriformes;Ariidae;Genidens planifrons;CR
1080;*;Actinopterygii;Siluriformes;Ariidae;Paragenidens grandoculis;CR
1081;*;Actinopterygii;Siluriformes;Ariidae;Sciades parkeri;VU
1082;*;Actinopterygii;Siluriformes;Callichthyidae;Corydoras lacerdai;EN
1083;*;Actinopterygii;Siluriformes;Callichthyidae;Scleromystax macropterus;EN
1084;*;Actinopterygii;Siluriformes;Doradidae;Kalyptodoras bahiensis;EN
1085;*;Actinopterygii;Siluriformes;Doradidae;Rhynchodoras xingui;EN
1086;*;Actinopterygii;Siluriformes;Heptapteridae;Chasmocranusbrachynemus;EN
1087;*;Actinopterygii;Siluriformes;Heptapteridae;Heptapterus multiradiatus;CR (PEX)
1088;*;Actinopterygii;Siluriformes;Heptapteridae;Pimelodella kronei;EN
1089;*;Actinopterygii;Siluriformes;Heptapteridae;Pimelodella spelaea;EN
1090;*;Actinopterygii;Siluriformes;Heptapteridae;Rhamdia jequitinhonha;VU
1091;*;Actinopterygii;Siluriformes;Heptapteridae;Rhamdiopsis krugi;VU
1092;*;Actinopterygii;Siluriformes;Heptapteridae;Taunayia bifasciata;VU
1093;*;Actinopterygii;Siluriformes;Loricariidae;Ancistrus cryptophthalmus;EN
1094;*;Actinopterygii;Siluriformes;Loricariidae;Ancistrus formoso;VU
1095;*;Actinopterygii;Siluriformes;Loricariidae;Ancistrus minutus;EN
1096;*;Actinopterygii;Siluriformes;Loricariidae;Baryancistrus longipinnis;CR
1097;*;Actinopterygii;Siluriformes;Loricariidae;Baryancistrus niveatus;CR
1098;*;Actinopterygii;Siluriformes;Loricariidae;Delturus parahybae;CR
1099;*;Actinopterygii;Siluriformes;Loricariidae;Harttia depressa;EN
1100;*;Actinopterygii;Siluriformes;Loricariidae;Harttia dissidens;VU
1101;;Actinopterygii;Siluriformes;Loricariidae;Harttia panara;VU
1102;;Actinopterygii;Siluriformes;Loricariidae;Harttia villasboas;VU
1103;*;Actinopterygii;Siluriformes;Loricariidae;Hemiancistrus megalopteryx;EN
1104;*;Actinopterygii;Siluriformes;Loricariidae;Hypancistrus zebra;CR
1105;;Actinopterygii;Siluriformes;Loricariidae;Hypostomussubcarinatus;CR
1106;*;Actinopterygii;Siluriformes;Loricariidae;Isbrueckerichthys saxicola;EN
1107;*;Actinopterygii;Siluriformes;Loricariidae;Leporacanthicusjoselimai;VU
1108;*;Actinopterygii;Siluriformes;Loricariidae;Lithoxus lithoides;VU
1109;*;Actinopterygii;Siluriformes;Loricariidae;Loricaria coximensis;CR
1110;*;Actinopterygii;Siluriformes;Loricariidae;Microlepidogaster perforatus;CR
1111;*;Actinopterygii;Siluriformes;Loricariidae;Neoplecostomus botucatu;VU
1112;*;Actinopterygii;Siluriformes;Loricariidae;Otothyris juquiae;CR
1113;*;Actinopterygii;Siluriformes;Loricariidae;Parancistrus nudiventris;EN
1114;*;Actinopterygii;Siluriformes;Loricariidae;Pareiorhaphis nasuta;CR
1115;*;Actinopterygii;Siluriformes;Loricariidae;Pareiorhaphis scutula;EN
1116;*;Actinopterygii;Siluriformes;Loricariidae;Parotocinclus spilurus;EN
1117;;Actinopterygii;Siluriformes;Loricariidae;Plesioptopoma curvidens;CR
1118;*;Actinopterygii;Siluriformes;Loricariidae;Pogonopoma obscurum;EN
1119;*;Actinopterygii;Siluriformes;Loricariidae;Pogonopoma parahybae;EN
1120;*;Actinopterygii;Siluriformes;Loricariidae;Pseudotocinclus juquiae;CR
1121;*;Actinopterygii;Siluriformes;Loricariidae;Pseudotocinclus tietensis;EN
1122;*;Actinopterygii;Siluriformes;Loricariidae;Scobinancistrusaureatus;VU
1123;*;Actinopterygii;Siluriformes;Loricariidae;Scobinancistruspariolispos;VU
1124;*;Actinopterygii;Siluriformes;Pimelodidae;Aguarunichthys tocantinsensis;EN
1125;*;Actinopterygii;Siluriformes;Pimelodidae;Conorhynchos conirostris;EN
1126;*;Actinopterygii;Siluriformes;Pimelodidae;Pimelodus joannis;VU
1127;*;Actinopterygii;Siluriformes;Pimelodidae;Pimelodus stewartii;VU
1128;;Actinopterygii;Siluriformes;Pimelodidae;Pseudoplatystoma corruscans;VU
1129;*;Actinopterygii;Siluriformes;Pimelodidae;Steindachneridionamblyurum;CR
1130;*;Actinopterygii;Siluriformes;Pimelodidae;Steindachneridiondoceanum;CR
1131;*;Actinopterygii;Siluriformes;Pimelodidae;Steindachneridionmelanodermatum;EN
1132;*;Actinopterygii;Siluriformes;Pimelodidae;Steindachneridionparahybae;EN
1133;*;Actinopterygii;Siluriformes;Pimelodidae;Steindachneridionscriptum;EN
1134;*;Actinopterygii;Siluriformes;Pseudopimelodidae;Lophiosilurusalexandri;VU
1135;;Actinopterygii;Siluriformes;Pseudopimelodidae;Microglanis maculatus;CR
1136;*;Actinopterygii;Siluriformes;Pseudopimelodidae;Microglanis robustus;CR
1137;*;Actinopterygii;Siluriformes;Trichomycteridae;Cambeva crassicaudata;EN
1138;*;Actinopterygii;Siluriformes;Trichomycteridae;Cambeva igobi;VU
1139;*;Actinopterygii;Siluriformes;Trichomycteridae;Cambeva mboycy;EN
1140;*;Actinopterygii;Siluriformes;Trichomycteridae;Cambeva paolence;EN
1141;*;Actinopterygii;Siluriformes;Trichomycteridae;Cambeva papillifera;EN
1142;;Actinopterygii;Siluriformes;Trichomycteridae;Cambeva pascuali;CR
1143;*;Actinopterygii;Siluriformes;Trichomycteridae;Cambeva tropeiro;CR
1144;*;Actinopterygii;Siluriformes;Trichomycteridae;Glaphyropoma spinosum;VU
1145;*;Actinopterygii;Siluriformes;Trichomycteridae;Ituglanis bambui;CR
1146;*;Actinopterygii;Siluriformes;Trichomycteridae;Ituglanis cahyensis;EN
1147;*;Actinopterygii;Siluriformes;Trichomycteridae;Ituglanis epikarsticus;VU
1148;*;Actinopterygii;Siluriformes;Trichomycteridae;Ituglanis mambai;EN
1149;*;Actinopterygii;Siluriformes;Trichomycteridae;Ituglanis passensis;VU
1150;*;Actinopterygii;Siluriformes;Trichomycteridae;Ituglanis ramiroi;VU
1151;*;Actinopterygii;Siluriformes;Trichomycteridae;Listrura camposi;CR
1152;*;Actinopterygii;Siluriformes;Trichomycteridae;Listruranematopteryx;CR
1153;*;Actinopterygii;Siluriformes;Trichomycteridae;Microcambeva draco;EN
1154;*;Actinopterygii;Siluriformes;Trichomycteridae;Trichogenes claviger;CR
1155;*;Actinopterygii;Siluriformes;Trichomycteridae;Trichomycterus dali;VU
1156;*;Actinopterygii;Siluriformes;Trichomycteridae;Trichomycterusitacarambiensis;CR
1157;*;Actinopterygii;Siluriformes;Trichomycteridae;Trichomycterus rubbioli;VU
1158;*;Actinopterygii;Siluriformes;Trichomycteridae;Trichomycterus triguttatus;CR
1159;*;Mammalia;Sirenia;Trichechidae;Trichechus inunguis;VU
1160;*;Mammalia;Sirenia;Trichechidae;Trichechus manatus;EN
1161;;Diplopoda;Spirostreptida;Pseudonannolenidae;Pseudonannolene lundi;CR
1162;*;Diplopoda;Spirostreptida;Spirostreptidae;Pseudonannolene ambuatinga;EN
1163;*;Diplopoda;Spirostreptida;Spirostreptidae;Pseudonannolene imbirensis;EN
1164;*;Diplopoda;Spirostreptida;Spirostreptidae;Pseudonannolene spelaea;CR
1165;*;Diplopoda;Spirostreptida;Spirostreptidae;Pseudonannolene tocaiensis;CR
1166;*;Demospongea;Spongillida;Spongillidae;Racekiela cavernicola;VU
1167;*;Demospongea;Spongillida;Metaniidae;Corvomeyenia epilithosa;VU
1168;*;Reptilia;Squamata;Amphisbaenidae;Amphisbaena arda;EN
1169;*;Reptilia;Squamata;Amphisbaenidae;Amphisbaena frontalis;EN
1170;*;Reptilia;Squamata;Amphisbaenidae;Amphisbaena nigricauda;EN
1171;*;Reptilia;Squamata;Amphisbaenidae;Amphisbaena supernumeraria;EN
1172;*;Reptilia;Squamata;Amphisbaenidae;Amphisbaena uroxena;EN
1173;*;Reptilia;Squamata;Amphisbaenidae;Leposternon kisteumacheri;VU
1174;*;Reptilia;Squamata;Amphisbaenidae;Leposternonoctostegum;EN
1175;*;Reptilia;Squamata;Amphisbaenidae;Leposternonscutigerum;EN
1176;*;Reptilia;Squamata;Boidae;Corallus cropanii;VU
1177;*;Reptilia;Squamata;Dactyloidae;Dactyloanasofrontalis;VU
1178;*;Reptilia;Squamata;Dactyloidae;Dactyloapseudotigrina;VU
1179;*;Reptilia;Squamata;Dipsadidae;Apostolepis arenaria;EN
1180;*;Reptilia;Squamata;Dipsadidae;Apostolepis gaboi;EN
1181;*;Reptilia;Squamata;Dipsadidae;Apostolepis quirogai;EN
1182;*;Reptilia;Squamata;Dipsadidae;Apostolepis striata;EN
1183;*;Reptilia;Squamata;Dipsadidae;Atractus caete;EN
1184;*;Reptilia;Squamata;Dipsadidae;Atractus ronnie;EN
1185;*;Reptilia;Squamata;Dipsadidae;Atractus thalesdelemai;EN
1186;*;Reptilia;Squamata;Dipsadidae;Calamodontophis ronaldoi;EN
1187;*;Reptilia;Squamata;Dipsadidae;Ditaxodon taeniatus;VU
1188;*;Reptilia;Squamata;Dipsadidae;Echinanthera cephalomaculata;VU
1189;*;Reptilia;Squamata;Dipsadidae;Phalotris multipunctatus;EN
1190;*;Reptilia;Squamata;Dipsadidae;Philodryas livida;VU
1191;*;Reptilia;Squamata;Dipsadidae;Rodriguesophis chui;EN
1192;*;Reptilia;Squamata;Dipsadidae;Rodriguesophis scriptorcibatus;EN
1193;*;Reptilia;Squamata;Gymnophthalmidae;Bachia didactyla;EN
1194;*;Reptilia;Squamata;Gymnophthalmidae;Bachia psamophila;CR
1195;*;Reptilia;Squamata;Gymnophthalmidae;Calyptommatusleiolepis;EN
1196;*;Reptilia;Squamata;Gymnophthalmidae;Calyptommatusnicterus;EN
1197;*;Reptilia;Squamata;Gymnophthalmidae;Calyptommatussinebrachiatus;EN
1198;*;Reptilia;Squamata;Gymnophthalmidae;Colobodactylusdalcyanus;EN
1199;*;Reptilia;Squamata;Gymnophthalmidae;Heterodactyluslundii;VU
1200;*;Reptilia;Squamata;Gymnophthalmidae;Heterodactylusseptentrionalis;EN
1201;*;Reptilia;Squamata;Gymnophthalmidae;Leposoma annectans;VU
1202;*;Reptilia;Squamata;Gymnophthalmidae;Leposomabaturitensis;EN
1203;*;Reptilia;Squamata;Gymnophthalmidae;Leposomananodactylus;EN
1204;*;Reptilia;Squamata;Gymnophthalmidae;Leposoma puk;EN
1205;*;Reptilia;Squamata;Gymnophthalmidae;Placosoma cipoense;EN
1206;*;Reptilia;Squamata;Gymnophthalmidae;Procellosaurinus tetradactylus;EN
1207;*;Reptilia;Squamata;Leiosauridae;Enyalius erythroceneus;CR
1208;*;Reptilia;Squamata;Liolaemidae;Liolaemusarambarensis;EN
1209;*;Reptilia;Squamata;Liolaemidae;Liolaemus lutzae;CR
1210;*;Reptilia;Squamata;Liolaemidae;Liolaemusoccipitalis;VU
1211;*;Reptilia;Squamata;Mabuyidae;Brasiliscincus caissara;EN
1212;*;Reptilia;Squamata;Phyllodactylidae;Homonotauruguayensis;VU
1213;*;Reptilia;Squamata;Sphaerodactylidae;Coleodactylusnatalensis;EN
1214;*;Reptilia;Squamata;Sphaerodactylidae;Gonatodes tapajonicus;EN
1215;*;Reptilia;Squamata;Teiidae;Ameiva parecis;EN
1216;*;Reptilia;Squamata;Teiidae;Ameivula nativo;EN
1217;*;Reptilia;Squamata;Teiidae;Contomastix vacariensis;VU
1218;*;Reptilia;Squamata;Teiidae;Glaucomastix abaetensis;EN
1219;*;Reptilia;Squamata;Teiidae;Glaucomastix littoralis;EN
1220;*;Reptilia;Squamata;Teiidae;Kentropyx vanzoi;VU
1221;*;Reptilia;Squamata;Tropidophiidae;Tropidophisgrapiuna;VU
1222;*;Reptilia;Squamata;Tropiduridae;Eurolophosaurusamathites;EN
1223;*;Reptilia;Squamata;Tropiduridae;Stenocercus azureus;EN
1224;*;Reptilia;Squamata;Tropiduridae;Stenocercusdumerilii;VU
1225;*;Reptilia;Squamata;Tropiduridae;Tropidurus erythrocephalus;VU
1226;*;Reptilia;Squamata;Tropiduridae;Tropidurus hygomi;VU
1227;*;Reptilia;Squamata;Tropiduridae;Tropidurus imbituba;CR
1228;*;Reptilia;Squamata;Tropiduridae;Tropiduruspsammonastes;EN
1229;*;Reptilia;Squamata;Viperidae;Bothrops alcatraz;CR
1230;*;Reptilia;Squamata;Viperidae;Bothrops insularis;CR
1231;*;Reptilia;Squamata;Viperidae;Bothrops muriciensis;EN
1232;*;Reptilia;Squamata;Viperidae;Bothrops otavioi;CR
1233;*;Reptilia;Squamata;Viperidae;Bothrops pirajai;EN
1234;*;Chondrichthyes;Squatiniformes;Squatinidae;Squatina argentina;CR
1235;*;Chondrichthyes;Squatiniformes;Squatinidae;Squatina guggenheim;CR
1236;*;Chondrichthyes;Squatiniformes;Squatinidae;Squatina occulta;CR
1237;*;Aves;Strigiformes;Strigidae;Glaucidium mooreorum;EX
1238;*;Aves;Strigiformes;Strigidae;Pulsatrix perspicillata pulsatrix;CR
1239;*;Aves;Strigiformes;Strigidae;Strix huhula albomarginata;VU
1240;*;Gastropoda;Stylommatophora;Bulimulidae;Tomigerusgibberulus;EN
1241;*;Gastropoda;Stylommatophora;Megalobulimidae;Megalobulimus cardosoi;CR
1242;*;Gastropoda;Stylommatophora;Strophocheilidae;Gonyostomus insularis;EN
1243;*;Demospongea;Suberitida;Halichondriidae;Halichondria cebimarensis;VU
1244;*;Demospongea;Suberitida;Halichondriidae;Halichondria tenebrica;VU
1245;*;Aves;Suliformes;Fregatidae;Fregata minor;CR
1246;*;Aves;Suliformes;Fregatidae;Fregata trinitatis;CR
1247;*;Aves;Suliformes;Sulidae;Sula sula;EN
1248;*;Collembola;Symphypleona;Arrhopalitidae;Arrhopalites alambariensis;VU
1249;*;Collembola;Symphypleona;Arrhopalitidae;Arrhopalites botuveraensis;VU
1250;*;Collembola;Symphypleona;Arrhopalitidae;Arrhopalites gnaspinii;CR
1251;*;Collembola;Symphypleona;Arrhopalitidae;Arrhopalites heteroculatus;VU
1252;*;Collembola;Symphypleona;Arrhopalitidae;Arrhopalites lawrencei;VU
1253;*;Collembola;Symphypleona;Arrhopalitidae;Arrhopalites paranaensis;CR
1254;*;Actinopterygii;Syngnathiformes;Syngnathidae;Hippocampus erectus;VU
1255;*;Actinopterygii;Syngnathiformes;Syngnathidae;Hippocampuspatagonicus;VU
1256;*;Actinopterygii;Syngnathiformes;Syngnathidae;Hippocampus reidi;VU
1257;*;Rhynchonellata;Terebratulida;Bouchardiidae;Bouchardia rosea;EN
1258;*;Reptilia;Testudines;Chelidae;Ranacephala hogei;VU
1259;*;Reptilia;Testudines;Cheloniidae;Caretta caretta;VU
1260;*;Reptilia;Testudines;Cheloniidae;Eretmochelysimbricata;EN
1261;*;Reptilia;Testudines;Cheloniidae;Lepidochelysolivacea;VU
1262;*;Reptilia;Testudines;Dermochelyidae;Dermochelys coriacea;CR
1263;*;Aves;Tinamiformes;Tinamidae;Crypturellus zabele;VU
1264;*;Aves;Tinamiformes;Tinamidae;Nothura minor;EN
1265;*;Aves;Tinamiformes;Tinamidae;Taoniscus nanus;EN
1266;*;Aves;Tinamiformes;Tinamidae;Tinamus tao;VU
1267;;Chondrichthyes;Torpediniformes;Narcinidae;Narcine brasiliensis;VU
1268;;Turbellaria;Tricladida;Dimarcusidae;Hausera hauseri;VU
1269;;Turbellaria;Tricladida;Dugesiidae;Girardia arenicola;CR
1270;;Turbellaria;Tricladida;Dugesiidae;Girardia desiderensis;CR
1271;;Turbellaria;Tricladida;Dugesiidae;Girardia multidiverticulata;CR
1272;;Turbellaria;Tricladida;Dugesiidae;Girardia paucipuntacta;CR
1273;;Turbellaria;Tricladida;Uteriporidae;Sluysia triapertura;CR
1274;*;Aves;Trogoniformes;Trogonidae;Trogon collaris eytoni;EN
1275;*;Bivalvia;Unionoida;Hyriidae;Diplodon koseritzi;EN
1276;*;Bivalvia;Unionoida;Mycetopodidae;Mycetopoda legumen;EN
1277;*;Asteroidea;Valvatida;Ophidiasteridae;Linckia guildingi;VU
1278;*;Asteroidea;Valvatida;Oreasteridae;Oreaster reticulatus;VU
1279;;Insecta;Zygentoma;Nicoletiidae;Cubacubana spelaea;VU
1280;*;Insecta;Zygoptera;Coenagrionidae;Aceratobasis cornicauda;VU
1281;*;Insecta;Zygoptera;Coenagrionidae;Aceratobasis mourei;EN
1282;*;Insecta;Zygoptera;Coenagrionidae;Fluminagrion taxaense;CR (PEX)
